{"type":"FeatureCollection","features":[{"type":"Feature","geometry":{"type":"LineString","coordinates":[[-18.7459,10.6391],[-19.7554,10.2788],[-20.6105,9.6147],[-21.5891,9.1936],[-22.0998,9.0156],[-22.4258,8.5588],[-22.8995,8.325],[-24.1671,8.1917],[-25.3669,7.7371],[-26.6209,7.5395],[-26.9845,7.7941],[-27.4482,7.7418],[-27.8318,7.935]]},"properties":{"id":1,"source":4917,"mouth":5066,"parent":717,"basin":717,"widthFactor":0.76,"sourceWidth":0.13,"discharge":226,"name":"Camb","type":"River"}},{"type":"Feature","geometry":{"type":"LineString","coordinates":[[-7.6732,2.7982],[-8.3101,2.0927],[-8.6638,1.1975],[-9.2441,0.4541],[-9.7958,-0.6833],[-10.033,-1.934],[-10.5218,-3.0941],[-11.3423,-4.0398],[-11.8934,-5.1735],[-12.66,-6.1568],[-12.6753,-6.8896],[-12.3717,-7.5722],[-12.3232,-8.295]]},"properties":{"id":2,"source":5392,"mouth":5851,"parent":2,"basin":2,"widthFactor":0.9119999999999999,"sourceWidth":0.16,"discharge":834,"name":"Harleigh","type":"River"}},{"type":"Feature","geometry":{"type":"LineString","coordinates":[[4.8,2.2118],[4.6101,0.9741],[4.7608,-0.2784],[4.6391,-1.5191],[5.034,-3.0254],[5.7439,-4.4194],[6.2018,-5.9032],[6.9957,-6.5554],[7.964,-6.9293],[8.7927,-7.5259],[9.7607,-6.68],[10.4928,-5.6136],[11.4136,-4.7236],[11.6484,-3.8167],[11.5678,-2.8726],[11.7395,-1.9582],[13.0136,-2.5043],[14.3843,-2.7533],[15.6777,-3.24],[16.0725,-2.9214],[16.2709,-2.4545],[17.2649,-2.6292],[18.2751,-2.5013],[19.2723,-2.6155],[19.2723,-2.6155],[20.2844,-2.2763],[21.173,-1.6703],[22.1605,-1.2777],[23.3998,-1.3301],[24.6273,-1.1509],[26.5165,-1.1771],[28.395,-0.975],[29.3771,0.2969],[30.1718,1.6936],[30.1718,1.6936],[31.3605,2.4928],[32.4136,3.4636],[32.3425,4.5101],[32.0591,5.52],[32.1618,6.828],[32.0523,8.1355],[33.6541,8.4073],[35.2077,8.8827],[36.1057,9.0614],[36.9409,9.4364],[37.0015,10.7996],[36.8591,12.1568],[38.1069,12.446],[39.2945,12.9259],[40.0069,13.375],[40.5955,13.9773],[41.6043,13.5775],[42.6682,13.3636],[44.1243,14.3681],[45.4636,15.5236]]},"properties":{"id":3,"source":5397,"mouth":4619,"parent":3,"basin":3,"widthFactor":0.9119999999999999,"sourceWidth":0.21,"discharge":3072,"name":"Kalbiagi","type":"River"}},{"type":"Feature","geometry":{"type":"LineString","coordinates":[[8.9032,4.2695],[9.1871,3.1707],[9.7885,2.1962],[10.1359,1.1223],[10.5518,0.0337],[11.2643,-0.9005],[11.7395,-1.9582]]},"properties":{"id":4,"source":5238,"mouth":5399,"parent":3,"basin":3,"widthFactor":0.76,"sourceWidth":0.11,"discharge":110,"name":"Tamos","type":"River"}},{"type":"Feature","geometry":{"type":"LineString","coordinates":[[-11.1736,3.5659],[-11.8131,2.4432],[-12.1403,1.1841],[-12.7173,0.0341],[-12.9488,-0.8088],[-12.8481,-1.6899],[-13.0132,-2.5405],[-13.0262,-3.7587],[-12.7124,-4.945],[-12.66,-6.1568]]},"properties":{"id":5,"source":5230,"mouth":5700,"parent":2,"basin":2,"widthFactor":0.76,"sourceWidth":0.18,"discharge":389,"name":"Somerbot","type":"River"}},{"type":"Feature","geometry":{"type":"LineString","coordinates":[[-30.1486,17.1464],[-30.5164,16.5869],[-30.567,15.9022],[-30.8714,15.3177],[-31.118,14.2499],[-31.0321,13.1471],[-31.2123,12.0723],[-31.6888,11.2571],[-31.8615,10.3173],[-32.2773,9.4773],[-32.8162,9.7552],[-33.4385,9.7213],[-33.9941,9.9368]]},"properties":{"id":7,"source":4435,"mouth":4909,"parent":717,"basin":717,"widthFactor":0.76,"sourceWidth":0.07,"discharge":162,"name":"Inverkenve","type":"River"}},{"type":"Feature","geometry":{"type":"LineString","coordinates":[[-0.42,-0.1759],[-1.1834,-0.2069],[-1.8724,-0.5706],[-2.6209,-0.6682],[-3.7483,-0.3677],[-4.9242,-0.398],[-6.0614,-0.1636],[-7.0972,0.1712],[-8.1957,0.1837],[-9.2441,0.4541]]},"properties":{"id":8,"source":5554,"mouth":5552,"parent":2,"basin":2,"widthFactor":0.76,"sourceWidth":0.12,"discharge":112,"name":"Skipseares","type":"River"}},{"type":"Feature","geometry":{"type":"LineString","coordinates":[[-28.3105,20.7709],[-27.739,21.0627],[-27.3837,21.6182],[-26.8555,21.9627],[-26.59,22.8394],[-26.6552,23.7653],[-26.4559,24.6518],[-26.4014,25.3131],[-26.673,25.936],[-26.6836,26.5895],[-26.2262,27.479],[-26.0726,28.4778],[-25.6759,29.3891],[-25.2097,29.4238],[-24.8522,29.7569],[-24.4077,29.8514],[-23.0142,30.7853],[-21.8136,31.9651],[-20.4586,32.9482],[-19.6463,32.9544],[-18.883,33.2644],[-18.0805,33.3314]]},"properties":{"id":10,"source":4281,"mouth":3482,"parent":140,"basin":140,"widthFactor":0.76,"sourceWidth":0.05,"discharge":228,"name":"Bonion","type":"River"}},{"type":"Feature","geometry":{"type":"LineString","coordinates":[[-153.3764,-5.3782],[-151.8777,-4.9866],[-150.4939,-4.274],[-149.0182,-3.8182],[-148.7109,-3.9029],[-148.4582,-3.6577],[-148.1618,-3.6764]]},"properties":{"id":11,"source":5797,"mouth":5652,"parent":11,"basin":11,"widthFactor":0.9119999999999999,"sourceWidth":0.18,"discharge":188,"name":"Fatesterby","type":"River"}},{"type":"Feature","geometry":{"type":"LineString","coordinates":[[-129.5359,-79.4891],[-129.1786,-79.8924],[-128.6316,-80.0124],[-128.2364,-80.3591],[-127.4297,-80.7635],[-126.5192,-80.8501],[-125.6918,-81.1909]]},"properties":{"id":12,"source":10226,"mouth":10229,"parent":12,"basin":12,"widthFactor":0.9119999999999999,"sourceWidth":0.2,"discharge":204,"name":"Haydonley","type":"Creek"}},{"type":"Feature","geometry":{"type":"LineString","coordinates":[[-155.5105,-8.1941],[-156.3346,-9.0047],[-156.8927,-10.0285],[-157.6636,-10.8818],[-157.9859,-11.249],[-158.0059,-11.7596],[-158.2677,-12.1555]]},"properties":{"id":13,"source":5948,"mouth":6092,"parent":13,"basin":13,"widthFactor":0.9119999999999999,"sourceWidth":0.19,"discharge":210,"name":"Alingley","type":"River"}},{"type":"Feature","geometry":{"type":"LineString","coordinates":[[-39.0409,21.6818],[-39.9061,22.2683],[-40.9242,22.55],[-41.82,23.0755],[-42.1308,21.7374],[-42.1101,20.3558],[-42.3545,19.0091],[-42.54,18.3331],[-42.3982,17.6312],[-42.5182,16.95]]},"properties":{"id":14,"source":4116,"mouth":4275,"parent":14,"basin":14,"widthFactor":0.9119999999999999,"sourceWidth":0.09,"discharge":121,"name":"Fjellsobyg","type":"River"}},{"type":"Feature","geometry":{"type":"LineString","coordinates":[[1.2573,-0.3123],[0.6568,-1.097],[0.353,-2.0495],[-0.1882,-2.8677],[-1.2471,-2.6782],[-2.3235,-2.8227],[-3.3859,-2.7],[-4.634,-2.4276],[-5.9187,-2.4816],[-7.1741,-2.2745],[-8.3207,-2.4223],[-9.3906,-2.8836],[-10.5218,-3.0941]]},"properties":{"id":15,"source":5555,"mouth":5702,"parent":2,"basin":2,"widthFactor":0.76,"sourceWidth":0.1,"discharge":121,"name":"Tabing","type":"Fork"}},{"type":"Feature","geometry":{"type":"LineString","coordinates":[[13.2709,9.9055],[13.8595,8.8095],[14.7289,7.9068],[15.3736,6.8495],[15.8827,5.841],[16.6703,5.0174],[17.235,4.0459],[16.8551,3.234],[16.7897,2.328],[16.4727,1.4973],[16.7492,0.4824],[17.3243,-0.4101],[17.6605,-1.4005],[18.1213,-1.9069],[18.7732,-2.1597],[19.2723,-2.6155]]},"properties":{"id":16,"source":4929,"mouth":5561,"parent":3,"basin":3,"widthFactor":0.76,"sourceWidth":0.12,"discharge":197,"name":"Artesos","type":"River"}},{"type":"Feature","geometry":{"type":"LineString","coordinates":[[7.9241,15.7432],[7.1177,16.1235],[6.2148,16.1769],[5.3891,16.4918],[5.1286,17.6485],[4.5523,18.6953],[4.2286,19.83],[4.7765,20.7684],[5.0229,21.8369],[5.5105,22.8014],[5.8875,23.4998],[5.9594,24.3033],[6.2755,25.0227],[6.8424,25.8995],[7.1238,26.915],[7.6336,27.8195],[8.7295,28.6285],[9.6175,29.6708],[10.6718,30.5264],[11.5614,31.0552],[12.2634,31.8279],[13.1155,32.4055],[12.6692,33.3095],[11.9693,34.0477],[11.4723,34.9186],[11.9501,35.8034],[12.1504,36.7978],[12.5727,37.7045],[12.8046,38.2869],[12.7477,38.9248],[12.9218,39.5182]]},"properties":{"id":17,"source":4601,"mouth":3159,"parent":17,"basin":17,"widthFactor":0.9119999999999999,"sourceWidth":0.14,"discharge":486,"name":"Rhitherma","type":"River"}},{"type":"Feature","geometry":{"type":"LineString","coordinates":[[-154.3077,-2.2732],[-154.1865,-1.8479],[-154.4059,-1.4347],[-154.3527,-1.0118],[-153.1004,-0.1708],[-152.0584,0.9302],[-150.8482,1.8232],[-150.338,1.1195],[-149.5942,0.6466],[-149.0373,-0.0109]]},"properties":{"id":18,"source":5650,"mouth":5338,"parent":18,"basin":18,"widthFactor":0.9119999999999999,"sourceWidth":0.21,"discharge":368,"name":"Engen","type":"River"}},{"type":"Feature","geometry":{"type":"LineString","coordinates":[[-9.0532,7.1591],[-8.0134,7.5463],[-7.131,8.2359],[-6.1227,8.6836],[-5.9413,9.9336],[-6.0941,11.1962],[-5.9795,12.4486],[-6.806,12.8091],[-7.7186,12.8525],[-8.5623,13.1495],[-9.036,13.9399],[-9.7606,14.5271],[-10.2845,15.2768]]},"properties":{"id":19,"source":5074,"mouth":4749,"parent":19,"basin":19,"widthFactor":0.9119999999999999,"sourceWidth":0.15,"discharge":421,"name":"Herythrena","type":"River"}},{"type":"Feature","geometry":{"type":"LineString","coordinates":[[146.9959,-40.0173],[147.3859,-41.5384],[148.0975,-42.9465],[148.5518,-44.445],[149.5514,-44.316],[150.4645,-43.864],[151.4468,-43.6705],[151.3753,-44.5841],[151.6314,-45.4761],[151.6255,-46.3855],[152.3925,-47.0125],[153.3295,-47.3651],[154.1305,-47.9373],[154.4474,-48.9734],[155.055,-49.8817],[155.43,-50.8923],[155.3086,-51.5652],[155.4998,-52.2365],[155.4409,-52.9091],[155.8294,-53.5083],[156.4433,-53.8981],[156.8768,-54.4555]]},"properties":{"id":21,"source":8140,"mouth":8799,"parent":21,"basin":21,"widthFactor":0.9119999999999999,"sourceWidth":0.05,"discharge":330,"name":"Dumandilla","type":"River"}},{"type":"Feature","geometry":{"type":"LineString","coordinates":[[-36.7895,-10.7414],[-37.4888,-11.1907],[-37.9592,-11.8928],[-38.6127,-12.3927],[-39.9822,-12.3561],[-41.328,-12.6531],[-42.6927,-12.6832],[-44.0745,-12.867],[-45.3825,-13.3708],[-46.7495,-13.6186],[-47.4905,-12.5737],[-48.4745,-11.7411],[-49.2641,-10.7386],[-50.1043,-10.7703],[-50.8849,-11.1137],[-51.7132,-11.2077],[-52.3418,-9.8026],[-53.2443,-8.5478],[-53.9277,-7.1727],[-55.085,-6.8577],[-56.2923,-6.8462],[-57.4595,-6.5918],[-57.8971,-5.5678],[-58.5987,-4.6925],[-59.0891,-3.6982]]},"properties":{"id":22,"source":6150,"mouth":5834,"parent":86,"basin":86,"widthFactor":0.76,"sourceWidth":0.06,"discharge":230,"name":"Llan","type":"River"}},{"type":"Feature","geometry":{"type":"LineString","coordinates":[[10.4264,-10.6609],[11.1996,-11.0495],[12.0761,-11.1132],[12.87,-11.4368],[13.3004,-12.8729],[14.0412,-14.1847],[14.5336,-15.5959],[13.8983,-16.7474],[13.5649,-18.0281],[12.99,-19.2055],[11.9262,-19.397],[10.9571,-19.8972],[9.9123,-20.1505],[10.3819,-21.0523],[11.1127,-21.7734],[11.6345,-22.6391],[11.1884,-23.9654],[11.0462,-25.3646],[10.6609,-26.7055],[11.1547,-27.5907],[11.897,-28.2946],[12.4405,-29.1436],[12.8888,-29.7214],[13.5424,-30.0763],[14.0318,-30.6095],[14.5559,-31.3043],[15.2914,-31.7883],[15.8577,-32.4409],[15.8926,-33.8117],[16.2198,-35.1498],[16.3132,-36.5141],[17.6877,-36.3944],[19.0227,-36.0464],[19.5721,-37.7866],[20.3345,-39.4445],[21.0314,-39.6207],[21.7486,-39.5727],[22.1023,-39.9852],[22.5914,-40.2218],[23.3125,-40.8732],[24.1609,-41.3468],[26.2,-41.2645],[28.2191,-40.9677],[28.7543,-41.6312],[29.4368,-42.1418],[30.0843,-43.6762],[30.9191,-45.1173],[31.4906,-45.537],[32.1586,-45.7745],[32.4448,-46.4422],[32.9045,-47.0045],[33.824,-47.2022],[34.7645,-47.2009]]},"properties":{"id":23,"source":6174,"mouth":8437,"parent":23,"basin":23,"widthFactor":0.9119999999999999,"sourceWidth":0.06,"discharge":2072,"name":"Alkan","type":"River"}},{"type":"Feature","geometry":{"type":"LineString","coordinates":[[25.2164,-16.5695],[26.1,-16.0175],[26.7666,-15.2024],[27.6068,-14.5977],[28.1486,-14.3149],[28.4746,-13.7767],[28.9732,-13.4427],[29.1729,-12.943],[29.0472,-12.3994],[29.1818,-11.8909],[30.3331,-11.4714],[31.3425,-10.762],[32.4655,-10.2845],[32.7652,-10.9632],[33.3292,-11.4657],[33.6818,-12.1091],[34.4069,-12.9147],[35.3386,-13.4858],[36.105,-14.2445],[36.8267,-14.2214],[37.4862,-13.897],[38.1955,-13.8136],[39.2162,-13.3683],[40.0862,-12.6601],[41.0768,-12.1623]]},"properties":{"id":24,"source":6499,"mouth":6344,"parent":350,"basin":350,"widthFactor":0.76,"sourceWidth":0.04,"discharge":457,"name":"Sazkay","type":"Fork"}},{"type":"Feature","geometry":{"type":"LineString","coordinates":[[-13.2136,12.1909],[-12.6784,11.8962],[-12.0495,11.9292],[-11.4955,11.7],[-10.9651,12.8494],[-10.7515,14.106],[-10.2845,15.2768]]},"properties":{"id":25,"source":4746,"mouth":4747,"parent":25,"basin":25,"widthFactor":0.9119999999999999,"sourceWidth":0.14,"discharge":228,"name":"Lalaicargy","type":"River"}},{"type":"Feature","geometry":{"type":"LineString","coordinates":[[-10.3732,10.6105],[-9.7902,10.5739],[-9.2658,10.8731],[-8.6945,10.9036],[-8.5169,11.6444],[-8.6731,12.4048],[-8.5623,13.1495]]},"properties":{"id":26,"source":4920,"mouth":4921,"parent":19,"basin":19,"widthFactor":0.76,"sourceWidth":0.08,"discharge":103,"name":"Lamplios","type":"Creek"}},{"type":"Feature","geometry":{"type":"LineString","coordinates":[[16.5123,14.6277],[17.2383,15.6528],[17.6663,16.8436],[18.3327,17.9018],[18.7739,18.2727],[18.9463,18.8425],[19.3336,19.2532],[19.9027,20.407],[20.1639,21.6752],[20.6714,22.8518],[20.8849,23.7116],[20.7771,24.6026],[20.9264,25.4686],[21.2164,26.4948],[21.1927,27.5703],[21.42,28.6064],[22.2457,29.2552],[22.8504,30.1251],[23.6318,30.8182],[23.9891,31.3568],[24.0623,32.0136],[24.3627,32.5759]]},"properties":{"id":27,"source":4605,"mouth":3501,"parent":27,"basin":27,"widthFactor":0.9119999999999999,"sourceWidth":0.05,"discharge":317,"name":"Orcholis","type":"River"}},{"type":"Feature","geometry":{"type":"LineString","coordinates":[[-1.6445,-19.3145],[-1.9787,-19.6346],[-2.015,-20.1204],[-2.2895,-20.4736],[-3.2211,-20.7294],[-4.0204,-21.2923],[-4.9255,-21.6095]]},"properties":{"id":29,"source":6653,"mouth":6819,"parent":29,"basin":29,"widthFactor":0.9119999999999999,"sourceWidth":0.07,"discharge":89,"name":"Dunsford","type":"Creek"}},{"type":"Feature","geometry":{"type":"LineString","coordinates":[[20.2868,-9.0327],[19.8697,-8.0442],[19.1579,-7.227],[18.6818,-6.2727],[19.0107,-5.075],[19.0094,-3.8239],[19.2723,-2.6155]]},"properties":{"id":30,"source":6022,"mouth":5866,"parent":3,"basin":3,"widthFactor":0.76,"sourceWidth":0.05,"discharge":73,"name":"Arnas","type":"Fork"}},{"type":"Feature","geometry":{"type":"LineString","coordinates":[[-25.4468,-3.7745],[-25.3168,-2.3135],[-25.5277,-0.8539],[-25.4659,0.6068],[-26.055,1.6804],[-26.9179,2.5621],[-27.5618,3.5973]]},"properties":{"id":31,"source":5695,"mouth":5544,"parent":717,"basin":717,"widthFactor":0.76,"sourceWidth":0.05,"discharge":73,"name":"Briganta","type":"River"}},{"type":"Feature","geometry":{"type":"LineString","coordinates":[[21.3586,10.2109],[22.2904,9.9959],[23.2507,10.1207],[24.1882,9.9736],[24.3683,9.308],[24.8481,8.7906],[25.0882,8.1545],[26.2034,7.9116],[27.351,7.9954],[28.4727,7.8177],[28.2983,6.6979],[28.4463,5.5651],[28.3364,4.4427],[28.1239,4.0857],[28.221,3.6576],[28.0705,3.2864]]},"properties":{"id":33,"source":4933,"mouth":5245,"parent":3,"basin":3,"widthFactor":0.76,"sourceWidth":0.07,"discharge":202,"name":"Thytion","type":"Fork"}},{"type":"Feature","geometry":{"type":"LineString","coordinates":[[-36.4077,29.6182],[-36.1183,30.2899],[-36.1615,31.0357],[-35.9386,31.7223],[-35.2372,32.5147],[-34.8121,33.4954],[-34.1659,34.3255],[-33.6987,35.2336],[-33.5404,36.2532],[-33.135,37.1836]]},"properties":{"id":34,"source":3647,"mouth":3303,"parent":42,"basin":42,"widthFactor":0.76,"sourceWidth":0.16,"discharge":153,"name":"Oniondos","type":"River"}},{"type":"Feature","geometry":{"type":"LineString","coordinates":[[29.6482,14.0005],[30.6547,13.1253],[31.8574,12.5289],[32.9032,11.7095],[32.5447,11.1503],[32.4983,10.471],[32.2023,9.8877],[32.0214,9.3148],[32.1677,8.7139],[32.0523,8.1355]]},"properties":{"id":35,"source":4610,"mouth":4937,"parent":3,"basin":3,"widthFactor":0.76,"sourceWidth":0.08,"discharge":120,"name":"Chios","type":"River"}},{"type":"Feature","geometry":{"type":"LineString","coordinates":[[33.3341,15.7555],[33.5992,14.6341],[34.1845,13.6298],[34.5136,12.5318],[35.2743,12.2747],[36.0878,12.3479],[36.8591,12.1568]]},"properties":{"id":36,"source":4611,"mouth":4766,"parent":3,"basin":3,"widthFactor":0.76,"sourceWidth":0.04,"discharge":43,"name":"Akraralypet","type":"Fork"}},{"type":"Feature","geometry":{"type":"LineString","coordinates":[[-143.0755,58.2368],[-143.8558,57.871],[-144.1694,57.0129],[-144.8564,56.5486],[-145.0736,55.4683],[-144.7864,54.3808],[-144.9027,53.2991],[-146.2161,53.2259],[-147.4449,52.7164],[-148.7414,52.5559],[-148.929,51.9085],[-148.7044,51.2467],[-148.8095,50.5964],[-149.4205,49.4701],[-149.6666,48.2004],[-150.2045,47.0455],[-150.7089,46.7032],[-150.9308,46.1109],[-151.3786,45.7186]]},"properties":{"id":37,"source":1804,"mouth":2413,"parent":37,"basin":37,"widthFactor":0.9119999999999999,"sourceWidth":0.06,"discharge":176,"name":"Hober","type":"River"}},{"type":"Feature","geometry":{"type":"LineString","coordinates":[[141.8277,-41.3114],[140.8479,-41.3578],[139.9313,-41.7393],[138.9641,-41.8527],[138.5527,-41.1515],[137.8846,-40.6647],[137.4218,-40.0064],[136.6851,-40.2603],[136.1061,-40.8021],[135.4009,-41.1136]]},"properties":{"id":39,"source":8138,"mouth":8136,"parent":194,"basin":194,"widthFactor":0.76,"sourceWidth":0.05,"discharge":56,"name":"Villiersnoy","type":"Fork"}},{"type":"Feature","geometry":{"type":"LineString","coordinates":[[-37.9923,-54.4364],[-38.4047,-53.0982],[-39.1315,-51.8918],[-39.6068,-50.58],[-40.1795,-50.385],[-41.4443,-50.8716],[-42.5619,-51.6519],[-43.7973,-52.1973],[-44.4606,-51.8079],[-45.2383,-51.7204],[-45.9245,-51.3914],[-46.5106,-51.8741],[-46.8565,-52.5648],[-47.3945,-53.0891],[-48.4072,-53.8316],[-49.2109,-54.8065],[-50.1818,-55.5955],[-50.6938,-56.2581],[-50.9372,-57.071],[-51.3955,-57.7636]]},"properties":{"id":41,"source":8852,"mouth":8847,"parent":41,"basin":41,"widthFactor":0.9119999999999999,"sourceWidth":0.05,"discharge":190,"name":"Burlisbury","type":"River"}},{"type":"Feature","geometry":{"type":"LineString","coordinates":[[-45.4541,40.3159],[-44.8308,40.2584],[-44.2509,40.539],[-43.6364,40.5491],[-43.1501,39.8996],[-42.4329,39.492],[-41.9005,38.8909],[-40.8106,38.7165],[-39.7079,38.8702],[-38.6155,38.7614],[-37.5054,38.0338],[-36.2455,37.5922],[-35.1055,36.9218],[-34.4319,36.8832],[-33.8002,37.1593],[-33.135,37.1836],[-32.4077,37.8177],[-31.9146,38.6587],[-31.2341,39.3341],[-30.7372,40.6844],[-30.5371,42.1158],[-30.0995,43.4823],[-29.7682,44.2684],[-29.73,45.1313],[-29.4573,45.9327]]},"properties":{"id":42,"source":2965,"mouth":2799,"parent":42,"basin":42,"widthFactor":0.9119999999999999,"sourceWidth":0.06,"discharge":694,"name":"Tyrasenion","type":"River"}},{"type":"Feature","geometry":{"type":"LineString","coordinates":[[23.8841,-19.9295],[24.2558,-21.0804],[24.938,-22.0905],[25.3718,-23.2132],[24.95,-23.9447],[24.8407,-24.7952],[24.4814,-25.5505],[25.1434,-26.2881],[26.0185,-26.7759],[26.7232,-27.4636],[26.3486,-28.0423],[26.273,-28.7425],[25.9582,-29.3455],[25.3117,-29.5018],[24.7973,-29.9468],[24.1773,-30.1609],[24.3227,-30.6773],[24.7409,-31.0413],[24.9409,-31.5273],[24.3307,-31.9575],[23.9369,-32.6065],[23.37,-33.0805],[22.7666,-33.6847],[22.4058,-34.4704],[21.8509,-35.1109],[21.6975,-36.5954],[21.8424,-38.0868],[21.7486,-39.5727]]},"properties":{"id":44,"source":6830,"mouth":7755,"parent":23,"basin":23,"widthFactor":0.76,"sourceWidth":0.07,"discharge":585,"name":"Ayaray","type":"River"}},{"type":"Feature","geometry":{"type":"LineString","coordinates":[[-47.1505,-18.5195],[-46.8506,-17.4213],[-46.8879,-16.2732],[-46.6555,-15.165],[-47.0844,-14.5967],[-47.7376,-14.2764],[-48.2114,-13.7577],[-49.404,-13.6788],[-50.5821,-13.9279],[-51.7718,-13.9145],[-52.3563,-13.0722],[-53.1807,-12.4459],[-53.8132,-11.6468],[-53.7244,-10.1522],[-53.953,-8.6657],[-53.9277,-7.1727]]},"properties":{"id":46,"source":6627,"mouth":6143,"parent":22,"basin":86,"widthFactor":0.76,"sourceWidth":0.05,"discharge":73,"name":"Cuilerugre","type":"River"}},{"type":"Feature","geometry":{"type":"LineString","coordinates":[[-59.0577,-72.1855],[-59.2178,-71.0536],[-59.7073,-70.0093],[-59.9332,-68.895],[-59.3291,-68.359],[-58.9852,-67.613],[-58.4332,-67.035],[-57.9721,-67.3661],[-57.3864,-67.3933],[-56.9005,-67.6636]]},"properties":{"id":47,"source":9814,"mouth":9562,"parent":47,"basin":47,"widthFactor":0.9119999999999999,"sourceWidth":0.06,"discharge":103,"name":"Wiverpor","type":"River"}},{"type":"Feature","geometry":{"type":"LineString","coordinates":[[151.5818,-36.2564],[152.6549,-36.8365],[153.8555,-37.1004],[154.9541,-37.6173],[155.5422,-37.6175],[156.0544,-37.2921],[156.6273,-37.2273],[156.8253,-37.6111],[157.2555,-37.7626],[157.5,-38.1],[157.5024,-38.6191],[157.817,-39.0564],[157.8818,-39.5591]]},"properties":{"id":51,"source":7811,"mouth":7816,"parent":856,"basin":856,"widthFactor":0.76,"sourceWidth":0.07,"discharge":133,"name":"Luciltabla","type":"Fork"}},{"type":"Feature","geometry":{"type":"LineString","coordinates":[[14.8077,-5.1764],[15.5333,-4.993],[16.1165,-4.4999],[16.8136,-4.2545],[17.7074,-3.8195],[18.4156,-3.1062],[19.2723,-2.6155]]},"properties":{"id":52,"source":5864,"mouth":5713,"parent":3,"basin":3,"widthFactor":0.76,"sourceWidth":0.04,"discharge":69,"name":"Myoseicar","type":"River"}},{"type":"Feature","geometry":{"type":"LineString","coordinates":[[6.7255,18.9573],[7.0885,19.9454],[7.1189,21.0087],[7.4155,22.0118],[8.0388,22.7433],[8.3799,23.6541],[8.9468,24.4214]]},"properties":{"id":55,"source":4295,"mouth":4134,"parent":85,"basin":17,"widthFactor":0.76,"sourceWidth":0.04,"discharge":36,"name":"Zakrolis","type":"River"}},{"type":"Feature","geometry":{"type":"LineString","coordinates":[[27.8768,21.8482],[28.1893,22.5583],[28.1706,23.3488],[28.4168,24.075],[28.9166,25.0252],[29.1033,26.0931],[29.5405,27.0668],[29.7321,28.363],[29.5958,29.6744],[29.7218,30.9736],[29.735,31.4361],[29.4357,31.8174],[29.3864,32.2636]]},"properties":{"id":57,"source":4142,"mouth":3675,"parent":57,"basin":57,"widthFactor":0.9119999999999999,"sourceWidth":0.06,"discharge":129,"name":"Pitromis","type":"River"}},{"type":"Feature","geometry":{"type":"LineString","coordinates":[[-89.1682,5.7832],[-88.2773,5.2967],[-87.2647,5.1287],[-86.3495,4.7059],[-86.5366,3.9968],[-86.3901,3.2628],[-86.5105,2.5486],[-86.317,1.4234],[-85.8083,0.3908],[-85.5518,-0.7159],[-84.6716,-1.2532],[-83.659,-1.4961],[-82.7523,-1.9745],[-81.6148,-2.4498],[-80.3858,-2.621],[-79.23,-3.0355],[-78.66,-3.7931],[-77.8673,-4.3316],[-77.2527,-5.0455],[-76.1782,-5.2207],[-75.0888,-5.0885],[-74.0114,-5.2023],[-73.5628,-5.7027],[-72.9288,-5.9634],[-72.4432,-6.4159],[-72.16,-6.7925],[-71.7286,-6.9818],[-72.4446,-7.9871],[-72.9059,-9.1394],[-73.5709,-10.1741],[-75.1431,-11.5994],[-76.5505,-13.1877]]},"properties":{"id":59,"source":5197,"mouth":6135,"parent":86,"basin":86,"widthFactor":0.76,"sourceWidth":0.05,"discharge":357,"name":"Aberkunodu","type":"River"}},{"type":"Feature","geometry":{"type":"LineString","coordinates":[[-41.07,36.0573],[-40.2922,35.8505],[-39.4839,35.9834],[-38.7,35.8445],[-37.4634,36.0755],[-36.3228,36.6268],[-35.1055,36.9218]]},"properties":{"id":60,"source":3300,"mouth":3301,"parent":42,"basin":42,"widthFactor":0.76,"sourceWidth":0.06,"discharge":52,"name":"Sorintheia","type":"Fork"}},{"type":"Feature","geometry":{"type":"LineString","coordinates":[[35.8936,24.2932],[35.8907,25.2218],[35.5508,26.0993],[35.4805,27.0177],[35.399,28.4003],[34.9871,29.731],[34.8395,31.1032],[34.2368,31.4109],[33.5443,31.4027],[32.9236,31.6473]]},"properties":{"id":61,"source":3987,"mouth":3679,"parent":61,"basin":61,"widthFactor":0.9119999999999999,"sourceWidth":0.06,"discharge":100,"name":"Gorgos","type":"River"}},{"type":"Feature","geometry":{"type":"LineString","coordinates":[[-33.8141,-2.5432],[-33.6023,-1.9119],[-33.7291,-1.2406],[-33.585,-0.6014],[-33.1174,0.6636],[-32.9734,2.0128],[-32.5705,3.2945],[-32.233,3.3949],[-32.0591,3.7009]]},"properties":{"id":62,"source":5692,"mouth":5382,"parent":717,"basin":717,"widthFactor":0.76,"sourceWidth":0.06,"discharge":89,"name":"Aber","type":"River"}},{"type":"Feature","geometry":{"type":"LineString","coordinates":[[-75.99,47.3005],[-76.695,46.7596],[-77.1534,45.9834],[-77.8091,45.3955],[-77.8937,44.8435],[-77.6452,44.3215],[-77.6632,43.7755],[-78.1543,43.0709],[-78.3506,42.222],[-78.7827,41.4886],[-80.1718,41.2423],[-81.4757,40.6845],[-82.8477,40.3759],[-83.7809,39.4507],[-84.4698,38.3226],[-85.3541,37.3568],[-85.0567,36.8375],[-84.5266,36.5267],[-84.1827,36.0491]]},"properties":{"id":63,"source":2442,"mouth":3113,"parent":112,"basin":112,"widthFactor":0.76,"sourceWidth":0.05,"discharge":235,"name":"Kanstad","type":"Fork"}},{"type":"Feature","geometry":{"type":"LineString","coordinates":[[-5.0305,-11.5555],[-5.5858,-10.9716],[-6.3448,-10.661],[-6.9409,-10.1318],[-7.6099,-10.4911],[-8.0712,-11.1124],[-8.6986,-11.5241]]},"properties":{"id":66,"source":6168,"mouth":6011,"parent":66,"basin":66,"widthFactor":0.9119999999999999,"sourceWidth":0.05,"discharge":56,"name":"Cockenil","type":"Creek"}},{"type":"Feature","geometry":{"type":"LineString","coordinates":[[-1.3186,10.2873],[-1.8281,10.8371],[-2.5412,11.1135],[-3.0914,11.6086],[-3.0176,12.3406],[-3.2771,13.0449],[-3.27,13.7714],[-3.5937,14.2995],[-4.1547,14.6005],[-4.5259,15.0832],[-5.6343,15.0347],[-6.6911,14.6676],[-7.7891,14.5555],[-8.5856,14.9179],[-9.4704,14.9754],[-10.2845,15.2768]]},"properties":{"id":72,"source":4924,"mouth":4595,"parent":72,"basin":72,"widthFactor":0.9119999999999999,"sourceWidth":0.07,"discharge":291,"name":"Marneia","type":"River"}},{"type":"Feature","geometry":{"type":"LineString","coordinates":[[-87.33,13.7809],[-86.9262,15.1287],[-86.8569,16.5422],[-86.52,17.9032],[-86.8987,18.9009],[-87.5727,19.7418],[-88.0105,20.7082],[-87.5728,21.0761],[-87.3986,21.6401],[-87.0136,22.0473],[-86.2299,22.1111],[-85.5248,22.4881],[-84.7568,22.6145]]},"properties":{"id":74,"source":4556,"mouth":4086,"parent":74,"basin":74,"widthFactor":0.9119999999999999,"sourceWidth":0.05,"discharge":74,"name":"Llan","type":"River"}},{"type":"Feature","geometry":{"type":"LineString","coordinates":[[39.3327,18.4909],[40.0915,18.1286],[40.9454,18.0937],[41.7232,17.7968],[42.4641,17.4975],[43.2766,17.5249],[44.0318,17.2909],[44.407,16.6191],[45.0374,16.1541],[45.4636,15.5236]]},"properties":{"id":75,"source":4465,"mouth":4467,"parent":75,"basin":75,"widthFactor":0.9119999999999999,"sourceWidth":0.07,"discharge":203,"name":"Smyrtatos","type":"River"}},{"type":"Feature","geometry":{"type":"LineString","coordinates":[[23.8145,-8.2159],[23.7735,-7.6783],[23.4101,-7.2518],[23.3045,-6.7364],[24.0258,-6.8244],[24.7257,-6.5787],[25.4427,-6.6],[25.4427,-6.6],[25.2492,-5.6167],[24.7497,-4.736],[24.495,-3.7732],[24.6659,-2.9055],[24.5198,-2.0218],[24.6273,-1.1509]]},"properties":{"id":76,"source":6024,"mouth":5718,"parent":3,"basin":3,"widthFactor":0.76,"sourceWidth":0.06,"discharge":348,"name":"Eucia","type":"River"}},{"type":"Feature","geometry":{"type":"LineString","coordinates":[[16.3855,-18.9695],[15.9385,-19.8402],[15.8135,-20.8228],[15.4309,-21.7159],[15.3732,-22.0792],[15.5768,-22.3855],[14.5412,-23.1324],[13.7242,-24.1245],[12.7323,-24.9205],[12.5062,-26.3193],[12.6021,-27.7404],[12.4405,-29.1436]]},"properties":{"id":77,"source":6660,"mouth":7146,"parent":23,"basin":23,"widthFactor":0.76,"sourceWidth":0.06,"discharge":89,"name":"Ynaklukoke","type":"River"}},{"type":"Feature","geometry":{"type":"LineString","coordinates":[[-37.9227,32.0932],[-37.1333,33.0331],[-36.6277,34.1619],[-35.895,35.1395],[-35.5095,35.6795],[-35.4298,36.3548],[-35.1055,36.9218]]},"properties":{"id":78,"source":3475,"mouth":3302,"parent":42,"basin":42,"widthFactor":0.76,"sourceWidth":0.06,"discharge":50,"name":"Histhomis","type":"Fork"}},{"type":"Feature","geometry":{"type":"LineString","coordinates":[[-99.0027,-1.8327],[-99.3622,-3.0196],[-99.3866,-4.2688],[-99.6791,-5.4682],[-99.8744,-6.4297],[-99.736,-7.4124],[-99.8645,-8.3782],[-100.6525,-9.0474],[-101.1978,-9.9379],[-101.9373,-10.6514]]},"properties":{"id":79,"source":5666,"mouth":5973,"parent":86,"basin":86,"widthFactor":0.76,"sourceWidth":0.05,"discharge":69,"name":"Nansgobhurum","type":"River"}},{"type":"Feature","geometry":{"type":"LineString","coordinates":[[-17.5241,23.1777],[-16.863,23.4064],[-16.374,23.9293],[-15.7473,24.2168],[-15.7502,25.5127],[-16.0856,26.7734],[-16.155,28.0623],[-16.1096,29.0573],[-16.3913,30.0239],[-16.4114,31.0132]]},"properties":{"id":80,"source":4124,"mouth":3811,"parent":140,"basin":140,"widthFactor":0.76,"sourceWidth":0.04,"discharge":96,"name":"Enaicossos","type":"River"}},{"type":"Feature","geometry":{"type":"LineString","coordinates":[[-135.6627,51.2932],[-135.3747,50.2819],[-134.7738,49.4057],[-134.4232,48.4214],[-134.7524,47.48],[-134.754,46.4716],[-135.0177,45.5168],[-134.5074,44.8856],[-133.7786,44.4995],[-133.2245,43.9173],[-132.651,43.6698],[-132.0136,43.7387],[-131.4273,43.5545],[-131.5081,42.8323],[-131.2721,42.1304],[-131.2895,41.4123]]},"properties":{"id":81,"source":2250,"mouth":2753,"parent":81,"basin":81,"widthFactor":0.9119999999999999,"sourceWidth":0.07,"discharge":245,"name":"Fisch","type":"River"}},{"type":"Feature","geometry":{"type":"LineString","coordinates":[[39.6273,-23.9509],[40.6422,-23.7415],[41.5448,-23.2102],[42.5373,-22.9364],[42.8802,-21.9996],[42.8965,-20.9911],[43.1741,-20.04],[43.8846,-20.1344],[44.5779,-19.9008],[45.285,-19.9295]]},"properties":{"id":82,"source":6995,"mouth":6837,"parent":350,"basin":350,"widthFactor":0.76,"sourceWidth":0.06,"discharge":113,"name":"Alpkorten","type":"River"}},{"type":"Feature","geometry":{"type":"LineString","coordinates":[[1.8,-48.1909],[1.1273,-47.6332],[0.2807,-47.3686],[-0.4268,-46.8695],[-1.4913,-46.7535],[-2.5502,-46.9719],[-3.6136,-46.9227]]},"properties":{"id":83,"source":8582,"mouth":8422,"parent":83,"basin":83,"widthFactor":0.9119999999999999,"sourceWidth":0.05,"discharge":45,"name":"Prester","type":"River"}},{"type":"Feature","geometry":{"type":"LineString","coordinates":[[-105.7418,7.7686],[-105.8217,6.5934],[-105.561,5.4346],[-105.5727,4.2627],[-106.0698,3.7968],[-106.2947,3.1366],[-106.7373,2.6318],[-108.0919,2.7113],[-109.4338,2.4625],[-110.7859,2.4764],[-111.4219,1.6164],[-111.777,0.5972],[-112.3568,-0.2945],[-113.3904,-0.6882],[-114.2775,-1.3636],[-115.2818,-1.8136]]},"properties":{"id":84,"source":5032,"mouth":5509,"parent":84,"basin":84,"widthFactor":0.9119999999999999,"sourceWidth":0.04,"discharge":77,"name":"Cenverpen","type":"River"}},{"type":"Feature","geometry":{"type":"LineString","coordinates":[[9.3355,22.7768],[9.3386,23.3564],[9.01,23.8575],[8.9468,24.4214],[9.3338,25.3033],[9.3988,26.2758],[9.7214,27.1759],[10.1646,28.2569],[10.2918,29.4275],[10.6718,30.5264]]},"properties":{"id":85,"source":4135,"mouth":3821,"parent":17,"basin":17,"widthFactor":0.76,"sourceWidth":0.06,"discharge":109,"name":"Dicyontion","type":"River"}},{"type":"Feature","geometry":{"type":"LineString","coordinates":[[-81.1909,8.1655],[-80.7366,8.541],[-80.5544,9.122],[-80.1545,9.5386],[-78.9534,9.4806],[-77.7733,9.7563],[-76.5764,9.765],[-75.8812,8.8741],[-74.9524,8.2139],[-74.2105,7.3691],[-73.8327,6.1065],[-73.1562,4.9663],[-72.7186,3.7282],[-71.4604,3.8241],[-70.258,4.2325],[-69.0109,4.3909],[-68.4377,4.6474],[-68.0464,5.1581],[-67.5095,5.4655],[-66.2459,5.2243],[-64.9538,5.2895],[-63.6845,5.1095],[-62.8511,4.4934],[-61.8672,4.1403],[-61.0036,3.5768],[-60.2218,4.1092],[-59.6377,4.8652],[-58.8955,5.4423],[-57.9783,3.9993],[-56.8245,2.7308],[-55.86,1.3227],[-54.4417,1.2416],[-53.0291,1.3923],[-53.8913,-0.0133],[-54.5509,-1.5245],[-55.2155,-1.6617],[-55.7986,-2.0086],[-57.4945,-2.7547],[-59.0891,-3.6982],[-60.767,-4.7965],[-62.3155,-6.0709],[-62.7144,-5.7541],[-63.2086,-5.6305],[-64.0753,-7.3045],[-64.7482,-9.0655],[-66.2962,-10.1807],[-67.7127,-11.4586],[-68.4769,-12.2643],[-69.0791,-13.1973],[-69.5271,-13.9928],[-69.7882,-14.8677],[-71.1051,-14.9618],[-72.3927,-15.2536],[-73.1013,-14.9068],[-73.8736,-14.7464],[-75.1632,-13.8832],[-76.5505,-13.1877],[-77.5165,-13.2226],[-78.4568,-13.4468],[-80.102,-13.0091],[-81.7855,-12.7555],[-82.646,-13.0612],[-83.4273,-13.5341],[-85.481,-12.9188],[-87.5795,-12.48],[-89.0005,-12.1375],[-90.4527,-11.9714],[-91.5166,-11.2409],[-92.67,-10.6623],[-93.6289,-10.2002],[-94.65,-9.9],[-96.3706,-10.401],[-98.0359,-11.0632],[-99.286,-10.7874],[-100.5614,-10.6773],[-101.2478,-10.582],[-101.9373,-10.6514],[-103.1888,-11.4579],[-104.3455,-12.3955],[-105.1957,-12.9212],[-105.9518,-13.575]]},"properties":{"id":86,"source":5041,"mouth":6123,"parent":86,"basin":86,"widthFactor":0.9119999999999999,"sourceWidth":0.04,"discharge":2544,"name":"Ecles","type":"River"}},{"type":"Feature","geometry":{"type":"LineString","coordinates":[[42.4077,29.0755],[43.4359,29.0416],[44.43,29.3469],[45.4514,29.3809],[46.0722,30.3981],[46.3898,31.5564],[46.95,32.6018],[47.2583,33.3993],[47.2458,34.2667],[47.49,35.0782],[47.9336,35.8009],[48.0796,36.6486],[48.4636,37.3964]]},"properties":{"id":87,"source":3682,"mouth":3341,"parent":331,"basin":331,"widthFactor":0.76,"sourceWidth":0.05,"discharge":94,"name":"Sipores","type":"Fork"}},{"type":"Feature","geometry":{"type":"LineString","coordinates":[[-30.5523,-56.7355],[-30.5824,-57.5381],[-30.2747,-58.2955],[-30.2373,-59.0891],[-30.9199,-59.7195],[-31.3426,-60.5603],[-31.9732,-61.2327]]},"properties":{"id":90,"source":8991,"mouth":9126,"parent":90,"basin":90,"widthFactor":0.9119999999999999,"sourceWidth":0.05,"discharge":68,"name":"Hertrinch","type":"River"}},{"type":"Feature","geometry":{"type":"LineString","coordinates":[[45.5141,20.1818],[45.6529,19.0213],[46.1231,17.9405],[46.3282,16.7959],[46.3524,16.4507],[46.6752,16.256],[46.7591,15.9409]]},"properties":{"id":91,"source":4310,"mouth":4469,"parent":91,"basin":91,"widthFactor":0.9119999999999999,"sourceWidth":0.06,"discharge":76,"name":"Juktos","type":"Creek"}},{"type":"Feature","geometry":{"type":"LineString","coordinates":[[-98.2445,13.7659],[-97.8935,15.338],[-97.8803,16.956],[-97.5968,18.5373],[-96.4806,18.5312],[-95.4027,18.8573],[-94.2941,18.9177],[-93.6056,19.7169],[-93.1906,20.6977],[-92.5568,21.5332],[-92.5507,22.6672],[-92.8655,23.7662],[-92.9236,24.8932],[-92.3321,25.9641],[-92.033,27.1589],[-91.5,28.2545],[-91.1293,28.7119],[-91.0376,29.31],[-90.7227,29.7955]]},"properties":{"id":93,"source":4552,"mouth":3775,"parent":93,"basin":93,"widthFactor":0.9119999999999999,"sourceWidth":0.07,"discharge":159,"name":"Aberc","type":"River"}},{"type":"Feature","geometry":{"type":"LineString","coordinates":[[-52.5491,-15.3982],[-52.9192,-14.8773],[-53.5186,-14.6086],[-53.9345,-14.1382],[-55.1272,-13.8348],[-56.3666,-13.8626],[-57.5686,-13.6255],[-57.9276,-13.4202],[-58.3505,-13.5372],[-58.7223,-13.3964],[-59.8476,-12.6996],[-61.1153,-12.2925],[-62.2691,-11.6536],[-62.627,-11.4425],[-63.0409,-11.4791],[-64.5976,-11.3473],[-66.1557,-11.528],[-67.7127,-11.4586]]},"properties":{"id":95,"source":6461,"mouth":6139,"parent":86,"basin":86,"widthFactor":0.76,"sourceWidth":0.04,"discharge":69,"name":"Inverdendili","type":"River"}},{"type":"Feature","geometry":{"type":"LineString","coordinates":[[20.2309,-24.8795],[19.8608,-26.1589],[19.8262,-27.499],[19.5232,-28.7905],[20.7919,-29.045],[22.0922,-28.9666],[23.3673,-29.1545],[23.5349,-29.5724],[23.9584,-29.7843],[24.1773,-30.1609]]},"properties":{"id":96,"source":7149,"mouth":7308,"parent":44,"basin":23,"widthFactor":0.76,"sourceWidth":0.05,"discharge":71,"name":"Eyruk","type":"Fork"}},{"type":"Feature","geometry":{"type":"LineString","coordinates":[[164.9277,-34.2505],[165.4163,-33.9163],[165.6528,-33.3527],[166.0909,-32.9727],[166.6517,-33.2894],[167.3128,-33.2871],[167.8936,-33.54]]},"properties":{"id":97,"source":7676,"mouth":7528,"parent":418,"basin":418,"widthFactor":0.76,"sourceWidth":0.06,"discharge":68,"name":"Lucenameso","type":"Brook"}},{"type":"Feature","geometry":{"type":"LineString","coordinates":[[38.1559,-18.7514],[38.6209,-17.5225],[38.7563,-16.2067],[39.1555,-14.9605],[39.9062,-14.1034],[40.3812,-13.0571],[41.0768,-12.1623]]},"properties":{"id":98,"source":6668,"mouth":6505,"parent":350,"basin":350,"widthFactor":0.76,"sourceWidth":0.05,"discharge":62,"name":"Kemerburbe","type":"River"}},{"type":"Feature","geometry":{"type":"LineString","coordinates":[[8.7327,-38.0673],[10.1219,-37.8078],[11.4165,-37.2209],[12.7868,-36.8959],[12.9843,-37.5486],[13.4767,-38.0434],[13.7332,-38.6645],[14.7752,-38.6134],[15.7599,-38.239],[16.7905,-38.1232],[17.9267,-38.6846],[19.1757,-38.9436],[20.3345,-39.4445]]},"properties":{"id":101,"source":7910,"mouth":7913,"parent":23,"basin":23,"widthFactor":0.76,"sourceWidth":0.06,"discharge":111,"name":"Yazteki","type":"River"}},{"type":"Feature","geometry":{"type":"LineString","coordinates":[[-40.2791,42.9286],[-39.2856,42.7777],[-38.2872,42.9677],[-37.2927,42.885],[-36.3538,42.1099],[-35.2315,41.6146],[-34.2559,40.8955],[-32.801,41.6462],[-31.5197,42.6758],[-30.0995,43.4823]]},"properties":{"id":102,"source":2795,"mouth":2970,"parent":42,"basin":42,"widthFactor":0.76,"sourceWidth":0.07,"discharge":99,"name":"Cleopos","type":"Fork"}},{"type":"Feature","geometry":{"type":"LineString","coordinates":[[22.9568,24.3532],[23.8092,25.0355],[24.417,25.9552],[25.2205,26.685],[25.1688,27.6151],[24.7894,28.479],[24.6723,29.3959],[24.4315,29.9476],[23.9256,30.3053],[23.6318,30.8182]]},"properties":{"id":103,"source":3982,"mouth":3672,"parent":27,"basin":27,"widthFactor":0.76,"sourceWidth":0.06,"discharge":77,"name":"Hyeialolynt","type":"River"}},{"type":"Feature","geometry":{"type":"LineString","coordinates":[[-83.595,13.7591],[-83.8921,14.8357],[-84.5044,15.7822],[-84.8645,16.8327],[-83.7315,17.6132],[-82.814,18.6493],[-81.7241,19.4809],[-81.3901,20.5262],[-81.3786,21.6333],[-81.1091,22.6909]]},"properties":{"id":105,"source":4557,"mouth":4246,"parent":105,"basin":105,"widthFactor":0.9119999999999999,"sourceWidth":0.05,"discharge":69,"name":"Aberow","type":"River"}},{"type":"Feature","geometry":{"type":"LineString","coordinates":[[142.3091,42.6545],[142.9225,42.85],[143.366,43.3409],[143.9455,43.5955],[144.4178,43.4572],[144.8934,43.6532],[145.3664,43.5818]]},"properties":{"id":106,"source":2890,"mouth":2713,"parent":506,"basin":506,"widthFactor":0.76,"sourceWidth":0.04,"discharge":75,"name":"Combrierintig","type":"River"}},{"type":"Feature","geometry":{"type":"LineString","coordinates":[[-57.6191,-71.5786],[-57.3326,-70.838],[-57.3805,-70.0308],[-57.1609,-69.2768],[-56.942,-68.7604],[-57.0533,-68.1907],[-56.9005,-67.6636]]},"properties":{"id":107,"source":9815,"mouth":9693,"parent":107,"basin":107,"widthFactor":0.9119999999999999,"sourceWidth":0.06,"discharge":66,"name":"Bosterton","type":"Creek"}},{"type":"Feature","geometry":{"type":"LineString","coordinates":[[143.4955,42.0545],[143.8239,41.732],[144.3085,41.7124],[144.6682,41.4505],[145.028,42.1193],[145.0701,42.8922],[145.3664,43.5818]]},"properties":{"id":109,"source":2891,"mouth":3062,"parent":506,"basin":506,"widthFactor":0.76,"sourceWidth":0.04,"discharge":63,"name":"Taletes","type":"Brook"}},{"type":"Feature","geometry":{"type":"LineString","coordinates":[[-19.7795,59.7845],[-19.3831,59.653],[-18.99,59.7941],[-17.7527,59.6899],[-16.5234,59.92],[-15.2877,59.8827],[-14.841,60.7317],[-14.7031,61.6923],[-14.3182,62.5636],[-13.7371,62.8446],[-13.3519,63.3822],[-12.81,63.7145]]},"properties":{"id":111,"source":1718,"mouth":1570,"parent":111,"basin":111,"widthFactor":0.9119999999999999,"sourceWidth":0.08,"discharge":137,"name":"Euros","type":"River"}},{"type":"Feature","geometry":{"type":"LineString","coordinates":[[-66.4377,40.2682],[-66.6281,39.675],[-66.4789,39.0512],[-66.6014,38.4518],[-67.0294,37.6604],[-67.143,36.7555],[-67.5082,35.9414],[-68.2902,34.9006],[-68.791,33.6901],[-69.5168,32.6155],[-70.2694,33.7695],[-71.2746,34.7225],[-72.0777,35.8364],[-73.1393,35.9087],[-74.1844,35.6639],[-75.2427,35.6727],[-75.6859,35.9889],[-76.2473,36.0158],[-76.7141,36.2741],[-77.7447,36.6978],[-78.8602,36.8259],[-79.9077,37.1905],[-80.8934,37.4146],[-81.9103,37.3374],[-82.9023,37.5014],[-83.4186,37.0962],[-83.7111,36.4937],[-84.1827,36.0491],[-84.2618,35.5598],[-84.0477,35.0938],[-84.0682,34.6091],[-85.1172,34.0368],[-86.0359,33.2727]]},"properties":{"id":112,"source":2957,"mouth":3283,"parent":112,"basin":112,"widthFactor":0.9119999999999999,"sourceWidth":0.05,"discharge":499,"name":"Negils","type":"River"}},{"type":"Feature","geometry":{"type":"LineString","coordinates":[[100.9405,-38.3864],[101.2771,-37.7019],[101.2858,-36.9241],[101.5568,-36.2209],[101.235,-35.1436],[100.6064,-34.1994],[100.2232,-33.1486],[100.6095,-32.854],[100.7334,-32.3619],[101.0673,-32.0277],[101.1987,-30.6757],[101.0073,-29.3231],[101.0741,-27.9709],[101.5794,-27.3421],[101.8089,-26.5558],[102.2591,-25.8955],[102.8069,-25.3141],[103.0965,-24.5566],[103.5927,-23.94]]},"properties":{"id":113,"source":7951,"mouth":7180,"parent":113,"basin":113,"widthFactor":0.9119999999999999,"sourceWidth":0.05,"discharge":101,"name":"Porzeaveira","type":"River"}},{"type":"Feature","geometry":{"type":"LineString","coordinates":[[40.3091,14.8091],[40.8583,14.7439],[41.3629,15.0167],[41.9032,15.0191],[43.1088,15.0548],[44.2674,15.4217],[45.4636,15.5236]]},"properties":{"id":117,"source":4615,"mouth":4617,"parent":117,"basin":117,"widthFactor":0.9119999999999999,"sourceWidth":0.04,"discharge":48,"name":"Myrnas","type":"River"}},{"type":"Feature","geometry":{"type":"LineString","coordinates":[[-11.6645,-60.5864],[-11.1879,-61.9168],[-10.4029,-63.1018],[-9.8645,-64.4032],[-9.8116,-64.9571],[-9.4433,-65.4001],[-9.3273,-65.9318]]},"properties":{"id":119,"source":9279,"mouth":9439,"parent":119,"basin":119,"widthFactor":0.9119999999999999,"sourceWidth":0.06,"discharge":82,"name":"Maling","type":"River"}},{"type":"Feature","geometry":{"type":"LineString","coordinates":[[-80.3291,3.1432],[-80.2977,2.2314],[-79.9312,1.3821],[-79.8327,0.4827],[-79.7637,-0.7126],[-79.365,-1.8514],[-79.23,-3.0355]]},"properties":{"id":121,"source":5364,"mouth":5523,"parent":59,"basin":86,"widthFactor":0.76,"sourceWidth":0.04,"discharge":35,"name":"Inbraligafon","type":"River"}},{"type":"Feature","geometry":{"type":"LineString","coordinates":[[-105.3805,14.07],[-104.8585,15.2384],[-104.6608,16.5119],[-104.2036,17.7014],[-105.1798,18.4494],[-106.3292,18.9114],[-107.34,19.6023],[-107.7595,20.4867],[-108.4541,21.1919],[-108.9286,22.0405],[-110.0504,22.3935],[-111.2348,22.4298],[-112.3691,22.7195]]},"properties":{"id":122,"source":4549,"mouth":4077,"parent":151,"basin":151,"widthFactor":0.76,"sourceWidth":0.04,"discharge":51,"name":"Eireann","type":"River"}},{"type":"Feature","geometry":{"type":"LineString","coordinates":[[-101.6168,1.0541],[-102.3503,1.7161],[-103.2751,2.0958],[-104.0468,2.7014],[-104.771,1.7859],[-105.2109,0.6943],[-105.8782,-0.2564],[-106.512,0.1888],[-107.2863,0.337],[-107.9482,0.7227],[-108.8167,-0.4967],[-109.4071,-1.8801],[-110.22,-3.1323],[-110.988,-3.5635],[-111.5622,-4.2462],[-112.2914,-4.7277],[-112.9344,-5.003],[-113.4051,-5.539],[-114.0136,-5.8664]]},"properties":{"id":124,"source":5355,"mouth":5810,"parent":124,"basin":124,"widthFactor":0.9119999999999999,"sourceWidth":0.06,"discharge":117,"name":"Cere","type":"River"}},{"type":"Feature","geometry":{"type":"LineString","coordinates":[[0.1568,21.8209],[0.0334,22.9766],[-0.4224,24.0567],[-0.6123,25.1973],[0.4575,25.2929],[1.4562,25.7154],[2.5118,25.8764],[2.9528,26.4718],[3.0993,27.2127],[3.4814,27.8373],[2.8341,28.7397],[1.9482,29.4247],[1.2532,30.2836],[1.1573,31.4202],[0.75,32.4949],[0.5918,33.6191]]},"properties":{"id":125,"source":4131,"mouth":3663,"parent":125,"basin":125,"widthFactor":0.9119999999999999,"sourceWidth":0.12,"discharge":245,"name":"Odossos","type":"River"}},{"type":"Feature","geometry":{"type":"LineString","coordinates":[[-22.8927,-27.4023],[-22.1406,-28.1608],[-21.179,-28.6503],[-20.385,-29.355],[-19.6475,-29.7752],[-18.7924,-29.8824],[-18.0314,-30.24],[-18.3573,-30.9904],[-18.365,-31.8216],[-18.6273,-32.5882],[-18.4077,-33.5147],[-17.887,-34.3249],[-17.6073,-35.2282],[-19.0022,-35.03],[-20.4132,-35.1489],[-21.8114,-35.0141],[-22.4114,-35.2273],[-22.8511,-35.7086],[-23.4191,-35.9755],[-24.1623,-36.6951],[-24.6668,-37.6088],[-25.3623,-38.3673],[-26.4835,-39.1023],[-27.4164,-40.0747],[-28.5,-40.8573],[-28.7345,-41.5185],[-28.6748,-42.2301],[-28.8505,-42.9014],[-28.9508,-43.9388],[-28.7571,-44.9713],[-28.7986,-46.0077],[-26.9889,-47.5258],[-25.0391,-48.8591],[-24.3067,-49.9377],[-23.3973,-50.8718],[-21.9333,-50.0075],[-20.5964,-48.9573],[-19.8206,-49.704],[-18.9082,-50.2759],[-17.4086,-50.8355],[-15.8468,-51.1855],[-14.5369,-51.0997],[-13.2586,-50.8009],[-11.8613,-51.1038],[-10.4345,-51.1964],[-9.8378,-51.421],[-9.2005,-51.4405]]},"properties":{"id":126,"source":7285,"mouth":8722,"parent":126,"basin":126,"widthFactor":0.9119999999999999,"sourceWidth":0.05,"discharge":1208,"name":"Gatfield","type":"River"}},{"type":"Feature","geometry":{"type":"LineString","coordinates":[[-27.5441,-53.3864],[-27.7238,-52.4726],[-28.2247,-51.6728],[-28.4686,-50.7818],[-28.2173,-50.5075],[-28.2773,-50.111],[-28.0882,-49.8123],[-27.0326,-49.6199],[-26.0751,-49.1141],[-25.0391,-48.8591]]},"properties":{"id":127,"source":8856,"mouth":8567,"parent":126,"basin":126,"widthFactor":0.76,"sourceWidth":0.06,"discharge":155,"name":"Godbumeton","type":"River"}},{"type":"Feature","geometry":{"type":"LineString","coordinates":[[-72.7473,-71.4886],[-73.1287,-70.4468],[-73.8134,-69.5607],[-74.2555,-68.55],[-74.2417,-68.0282],[-74.5533,-67.5836],[-74.6045,-67.0773],[-75.4733,-67.0849],[-76.2895,-67.4167],[-77.1477,-67.4891]]},"properties":{"id":128,"source":9809,"mouth":9553,"parent":128,"basin":128,"widthFactor":0.9119999999999999,"sourceWidth":0.05,"discharge":144,"name":"Flokhamp","type":"River"}},{"type":"Feature","geometry":{"type":"LineString","coordinates":[[10.3882,-52.9977],[10.5282,-54.1858],[11,-55.2957],[11.2064,-56.4682],[11.7833,-57.4319],[12.6247,-58.1909],[13.2545,-59.1136]]},"properties":{"id":129,"source":8875,"mouth":9010,"parent":129,"basin":129,"widthFactor":0.9119999999999999,"sourceWidth":0.09,"discharge":95,"name":"Erenbeyru","type":"River"}},{"type":"Feature","geometry":{"type":"LineString","coordinates":[[-150.3655,-9.0273],[-149.4632,-9.7464],[-148.3814,-10.1757],[-147.4432,-10.8368],[-146.7747,-9.9781],[-146.3933,-8.948],[-145.7823,-8.055],[-146.0678,-7.492],[-146.6088,-7.1353],[-146.9455,-6.6136],[-146.5167,-5.9399],[-146.3848,-5.1391],[-146.0155,-4.44]]},"properties":{"id":130,"source":5950,"mouth":5800,"parent":130,"basin":130,"widthFactor":0.9119999999999999,"sourceWidth":0.06,"discharge":138,"name":"Forough","type":"River"}},{"type":"Feature","geometry":{"type":"LineString","coordinates":[[-30.7186,-27.6845],[-29.6892,-28.3424],[-28.5095,-28.6943],[-27.45,-29.2909],[-26.9553,-30.2055],[-26.1894,-30.9245],[-25.6405,-31.8],[-26.0155,-32.0181],[-26.1472,-32.4568],[-26.4736,-32.7191],[-25.5496,-33.8929],[-24.3902,-34.8458],[-23.4191,-35.9755]]},"properties":{"id":135,"source":7282,"mouth":7591,"parent":126,"basin":126,"widthFactor":0.76,"sourceWidth":0.05,"discharge":71,"name":"Shiford","type":"Fork"}},{"type":"Feature","geometry":{"type":"LineString","coordinates":[[-55.0023,-17.1573],[-55.2322,-16.541],[-55.7498,-16.1075],[-56.0373,-15.5277],[-57.2466,-15.1057],[-58.5326,-15.0092],[-59.7573,-14.6523],[-60.3305,-14.6685],[-60.8195,-15.0021],[-61.3759,-15.0818],[-62.6454,-15.2563],[-63.8389,-15.7446],[-65.0932,-15.9818],[-65.5499,-15.02],[-66.2751,-14.2275],[-66.7855,-13.2995],[-67.5444,-13.1406],[-68.3173,-13.2938],[-69.0791,-13.1973]]},"properties":{"id":136,"source":6624,"mouth":6293,"parent":86,"basin":86,"widthFactor":0.76,"sourceWidth":0.05,"discharge":126,"name":"Buvarcaglod","type":"River"}},{"type":"Feature","geometry":{"type":"LineString","coordinates":[[38.0591,-29.8677],[38.8648,-30.5247],[39.8494,-30.8915],[40.6909,-31.4905],[41.2071,-32.064],[41.9294,-32.3741],[42.4868,-32.895],[42.765,-34.0212],[43.3511,-35.033],[43.6909,-36.1364],[43.8829,-36.9045],[44.3711,-37.5443],[44.6223,-38.2868]]},"properties":{"id":137,"source":7470,"mouth":7764,"parent":137,"basin":137,"widthFactor":0.9119999999999999,"sourceWidth":0.05,"discharge":116,"name":"Beyvar","type":"River"}},{"type":"Feature","geometry":{"type":"LineString","coordinates":[[-99.1786,19.0582],[-99.3041,20.1226],[-99.7602,21.1044],[-99.9518,22.1523],[-98.9484,22.829],[-98.1615,23.7605],[-97.2014,24.4882],[-96.5863,25.502],[-96.2691,26.654],[-95.7136,27.6955],[-94.7529,27.8231],[-93.877,28.2623],[-92.9332,28.4523],[-92.607,28.995],[-92.5803,29.6434],[-92.3141,30.2073]]},"properties":{"id":138,"source":4238,"mouth":3774,"parent":138,"basin":138,"widthFactor":0.9119999999999999,"sourceWidth":0.05,"discharge":88,"name":"Cuileansanve","type":"River"}},{"type":"Feature","geometry":{"type":"LineString","coordinates":[[-7.8164,25.3405],[-7.8378,26.1889],[-8.1943,26.9742],[-8.2827,27.81],[-9.1775,27.9365],[-10.0695,27.7286],[-10.9636,27.7882],[-11.8618,28.985],[-13.0043,29.9625],[-13.9514,31.1155],[-14.7767,31.2104],[-15.5887,30.9828],[-16.4114,31.0132],[-16.8647,31.8601],[-17.5756,32.5215],[-18.0805,33.3314],[-18.1876,34.3049],[-18.5985,35.2048],[-18.7664,36.1636],[-18.6625,36.5691],[-18.866,36.9598],[-18.8236,37.3623]]},"properties":{"id":140,"source":3970,"mouth":3309,"parent":140,"basin":140,"widthFactor":0.9119999999999999,"sourceWidth":0.04,"discharge":617,"name":"Gortapolis","type":"River"}},{"type":"Feature","geometry":{"type":"LineString","coordinates":[[-132.8768,49.7645],[-133.3083,49.5868],[-133.5236,49.1455],[-133.9118,48.915],[-134.2604,48.7644],[-134.4232,48.4214]]},"properties":{"id":141,"source":2251,"mouth":2420,"parent":81,"basin":81,"widthFactor":0.76,"sourceWidth":0.05,"discharge":49,"name":"Hauberg","type":"Branch"}},{"type":"Feature","geometry":{"type":"LineString","coordinates":[[-59.5473,-76.1714],[-59.4479,-76.8931],[-59.0254,-77.5059],[-58.8614,-78.2059],[-59.3093,-79.5192],[-59.4317,-80.9095],[-59.8145,-82.2382],[-60.5514,-82.2291],[-61.2336,-82.5439],[-61.9595,-82.5995]]},"properties":{"id":142,"source":10112,"mouth":10412,"parent":142,"basin":142,"widthFactor":0.9119999999999999,"sourceWidth":0.06,"discharge":111,"name":"Causcom","type":"River"}},{"type":"Feature","geometry":{"type":"LineString","coordinates":[[-131.775,-74.4477],[-131.4875,-73.8771],[-131.5301,-73.2217],[-131.3086,-72.6341],[-130.0343,-72.3383],[-128.8685,-71.7263],[-127.6159,-71.3673]]},"properties":{"id":143,"source":9921,"mouth":9779,"parent":143,"basin":143,"widthFactor":0.9119999999999999,"sourceWidth":0.06,"discharge":66,"name":"Congley","type":"River"}},{"type":"Feature","geometry":{"type":"LineString","coordinates":[[-33.3341,49.0895],[-32.7854,49.1635],[-32.3641,49.5537],[-31.8409,49.6909],[-31.3595,49.3414],[-30.7475,49.2998],[-30.24,49.0118]]},"properties":{"id":144,"source":2459,"mouth":2294,"parent":144,"basin":144,"widthFactor":0.9119999999999999,"sourceWidth":0.05,"discharge":53,"name":"Thyraion","type":"River"}},{"type":"Feature","geometry":{"type":"LineString","coordinates":[[-107.745,16.3009],[-108.3496,17.6034],[-109.2484,18.7337],[-109.9118,20.0018],[-110.6317,20.9974],[-111.5996,21.7688],[-112.3691,22.7195],[-113.1978,23.631],[-114.2445,24.2968],[-115.1168,25.1591],[-116.2698,25.0356],[-117.3528,24.597],[-118.4918,24.4105],[-119.738,24.2212],[-120.9051,23.7244],[-122.1355,23.4736],[-122.8125,24.0843],[-123.6651,24.4365],[-124.3773,24.9955],[-124.9329,25.8611],[-125.7256,26.5308],[-126.3286,27.3573]]},"properties":{"id":151,"source":4392,"mouth":3917,"parent":151,"basin":151,"widthFactor":0.9119999999999999,"sourceWidth":0.04,"discharge":210,"name":"Aberbermay","type":"River"}},{"type":"Feature","geometry":{"type":"LineString","coordinates":[[-30.9559,29.3959],[-31.1237,30.2523],[-31.6118,30.9916],[-31.8436,31.8245],[-31.2386,33.0407],[-30.9462,34.3756],[-30.4036,35.6155],[-31.2487,36.2521],[-32.2572,36.6039],[-33.135,37.1836]]},"properties":{"id":152,"source":3649,"mouth":3304,"parent":42,"basin":42,"widthFactor":0.76,"sourceWidth":0.07,"discharge":153,"name":"Dilerythmo","type":"River"}},{"type":"Feature","geometry":{"type":"LineString","coordinates":[[11.7941,-40.4195],[12.3939,-41.3091],[13.2499,-41.9736],[13.9009,-42.8182],[14.775,-42.1763],[15.4195,-41.2914],[16.2477,-40.6009],[17.6458,-40.3419],[18.9544,-39.7668],[20.3345,-39.4445]]},"properties":{"id":154,"source":8075,"mouth":8077,"parent":23,"basin":23,"widthFactor":0.76,"sourceWidth":0.09,"discharge":196,"name":"Akasi","type":"River"}},{"type":"Feature","geometry":{"type":"LineString","coordinates":[[-10.5327,26.1505],[-11.5606,26.687],[-12.7097,26.9049],[-13.7618,27.3777],[-13.6914,28.6304],[-13.955,29.8662],[-13.9514,31.1155]]},"properties":{"id":155,"source":3969,"mouth":3812,"parent":140,"basin":140,"widthFactor":0.76,"sourceWidth":0.05,"discharge":66,"name":"Bhrylos","type":"River"}},{"type":"Feature","geometry":{"type":"LineString","coordinates":[[-92.6045,17.5691],[-92.2525,18.0683],[-92.2158,18.6968],[-91.9268,19.2218],[-92.0078,20.0274],[-92.4113,20.7451],[-92.5568,21.5332]]},"properties":{"id":156,"source":4398,"mouth":4241,"parent":93,"basin":93,"widthFactor":0.76,"sourceWidth":0.05,"discharge":50,"name":"Aber","type":"Branch"}},{"type":"Feature","geometry":{"type":"LineString","coordinates":[[48.2686,27.2536],[48.5922,26.9779],[49.0421,27.0188],[49.3909,26.8064],[50.8089,27.8783],[52.0058,29.2011],[53.3795,30.3232],[53.0102,31.036],[52.3779,31.552],[51.9559,32.2255]]},"properties":{"id":158,"source":3836,"mouth":3686,"parent":331,"basin":331,"widthFactor":0.76,"sourceWidth":0.06,"discharge":71,"name":"Agrala","type":"River"}},{"type":"Feature","geometry":{"type":"LineString","coordinates":[[-35.2514,-48.5277],[-35.3192,-47.7474],[-35.7163,-47.0554],[-35.85,-46.2927],[-35.7149,-45.6175],[-35.9142,-44.9417],[-35.8459,-44.2664]]},"properties":{"id":159,"source":8564,"mouth":8405,"parent":271,"basin":126,"widthFactor":0.76,"sourceWidth":0.05,"discharge":41,"name":"Chipsearen","type":"Branch"}},{"type":"Feature","geometry":{"type":"LineString","coordinates":[[15.7568,-51.3355],[16.0964,-51.9946],[16.7052,-52.4445],[17.0986,-53.0618],[17.7061,-53.286],[18.362,-53.1793],[18.9791,-53.3373],[18.826,-54.0108],[19.0011,-54.6948],[18.9136,-55.3705]]},"properties":{"id":160,"source":8736,"mouth":8881,"parent":160,"basin":160,"widthFactor":0.9119999999999999,"sourceWidth":0.06,"discharge":120,"name":"Alterere","type":"River"}},{"type":"Feature","geometry":{"type":"LineString","coordinates":[[-160.6077,1.2914],[-160.9897,2.4061],[-161.6792,3.3738],[-162.1227,4.4591],[-162.7642,4.4926],[-163.3531,4.1958],[-163.9841,4.1632],[-164.5146,3.9394],[-164.8518,3.4501],[-165.3436,3.1732]]},"properties":{"id":162,"source":5334,"mouth":5169,"parent":162,"basin":162,"widthFactor":0.9119999999999999,"sourceWidth":0.06,"discharge":73,"name":"Leighing","type":"River"}},{"type":"Feature","geometry":{"type":"LineString","coordinates":[[-135.7582,-81.8591],[-136.695,-81.7136],[-137.6352,-81.9091],[-138.5727,-81.8318],[-139.6408,-82.4293],[-140.5148,-83.299],[-141.5441,-83.9509]]},"properties":{"id":163,"source":10381,"mouth":10378,"parent":163,"basin":163,"widthFactor":0.9119999999999999,"sourceWidth":0.06,"discharge":74,"name":"Persfield","type":"River"}},{"type":"Feature","geometry":{"type":"LineString","coordinates":[[-71.6073,15.6068],[-71.1445,15.4691],[-70.6807,15.6723],[-70.2177,15.6027],[-69.3719,15.7818],[-68.6452,16.2734],[-67.8232,16.515],[-67.3709,17.3055],[-67.2243,18.2163],[-66.8332,19.0309]]},"properties":{"id":170,"source":4562,"mouth":4410,"parent":170,"basin":170,"widthFactor":0.9119999999999999,"sourceWidth":0.06,"discharge":61,"name":"Infarthing","type":"River"}},{"type":"Feature","geometry":{"type":"LineString","coordinates":[[-1.4727,-52.6909],[-1.9558,-52.4398],[-2.5153,-52.521],[-3.0136,-52.3364],[-3.7265,-52.3514],[-4.3697,-52.6936],[-5.0686,-52.7741]]},"properties":{"id":171,"source":8730,"mouth":8728,"parent":171,"basin":171,"widthFactor":0.9119999999999999,"sourceWidth":0.05,"discharge":54,"name":"Rothescom","type":"Creek"}},{"type":"Feature","geometry":{"type":"LineString","coordinates":[[5.2405,-58.9214],[6.107,-59.6324],[7.1561,-60.0556],[8.0591,-60.7091],[8.4732,-61.0183],[9.0111,-61.017],[9.45,-61.2641],[9.5907,-62.0117],[10.0388,-62.6437],[10.2409,-63.3682]]},"properties":{"id":172,"source":9142,"mouth":9293,"parent":172,"basin":172,"widthFactor":0.9119999999999999,"sourceWidth":0.07,"discharge":123,"name":"Uxbrighwark","type":"River"}},{"type":"Feature","geometry":{"type":"LineString","coordinates":[[-5.4668,42.3982],[-5.0437,42.7438],[-4.8954,43.2913],[-4.5273,43.6773],[-4.3709,44.1832],[-4.5486,44.7039],[-4.4591,45.2127]]},"properties":{"id":173,"source":2810,"mouth":2647,"parent":173,"basin":173,"widthFactor":0.9119999999999999,"sourceWidth":0.05,"discharge":62,"name":"Popos","type":"River"}},{"type":"Feature","geometry":{"type":"LineString","coordinates":[[-3.9545,42.9545],[-3.7017,43.5965],[-3.7844,44.2983],[-3.5986,44.9523],[-3.8467,45.1671],[-4.1916,45.0619],[-4.4591,45.2127]]},"properties":{"id":174,"source":2811,"mouth":2646,"parent":174,"basin":174,"widthFactor":0.9119999999999999,"sourceWidth":0.05,"discharge":62,"name":"Arnerisa","type":"Brook"}},{"type":"Feature","geometry":{"type":"LineString","coordinates":[[-77.2514,56.205],[-77.7963,57.0076],[-78.5936,57.581],[-79.1891,58.3377],[-79.9833,58.3195],[-80.7136,57.973],[-81.495,57.8891],[-82.4351,58.8992],[-83.5931,59.6636],[-84.5768,60.6245]]},"properties":{"id":179,"source":1972,"mouth":1830,"parent":180,"basin":180,"widthFactor":0.76,"sourceWidth":0.06,"discharge":58,"name":"Behampound","type":"River"}},{"type":"Feature","geometry":{"type":"LineString","coordinates":[[-85.3745,55.6855],[-84.9547,56.3515],[-84.8504,57.1467],[-84.4936,57.8386],[-84.3877,58.7713],[-84.6159,59.6939],[-84.5768,60.6245],[-85.7809,60.4186],[-86.8952,59.8968],[-88.0814,59.6277],[-88.3938,60.1657],[-88.9456,60.4871],[-89.3059,60.9818],[-90.1531,60.9698],[-90.9482,60.6446],[-91.785,60.57],[-92.4562,60.9738],[-93.2437,61.0874],[-93.9382,61.4332],[-94.7209,61.168],[-95.3627,60.6294],[-96.1173,60.3095],[-97.3897,60.7686],[-98.739,60.9346],[-100.0268,61.335],[-100.8884,61.9247],[-101.8892,62.2504],[-102.7786,62.7873],[-103.1635,63.3303],[-103.7544,63.6635],[-104.1805,64.1645]]},"properties":{"id":180,"source":1969,"mouth":1535,"parent":180,"basin":180,"widthFactor":0.9119999999999999,"sourceWidth":0.05,"discharge":283,"name":"Falurvika","type":"River"}},{"type":"Feature","geometry":{"type":"LineString","coordinates":[[67.5586,36.0055],[68.2151,34.6165],[69.1656,33.3999],[69.8809,32.0455],[70.2725,31.1055],[70.9533,30.3336],[71.4027,29.4273],[72.2996,29.5294],[73.1122,29.9489],[73.9923,30.1145],[74.6813,29.3461],[75.5818,28.8215],[76.3132,28.1018],[77.0054,28.359],[77.5375,28.8903],[78.1977,29.2023],[79.0342,29.5181],[79.7204,30.108],[80.5268,30.4786],[81.0823,30.8633],[81.4195,31.4647],[81.9314,31.8927],[82.4468,32.2309],[82.9245,32.3959],[83.2409,32.812],[83.6864,33.0273],[83.2568,33.9291],[82.5784,34.6741],[82.0991,35.5445]]},"properties":{"id":181,"source":3351,"mouth":3532,"parent":181,"basin":181,"widthFactor":0.9119999999999999,"sourceWidth":0.05,"discharge":265,"name":"Tamsa","type":"River"}},{"type":"Feature","geometry":{"type":"LineString","coordinates":[[-33.8959,62.5923],[-33.5682,63.9295],[-33.578,65.3146],[-33.3177,66.6614],[-33.3113,67.1284],[-33.6266,67.504],[-33.6845,67.9527],[-33.4966,68.8252],[-33.6365,69.7188],[-33.5141,70.5955],[-33.8565,71.4979],[-34.4827,72.2465],[-34.8818,73.1182]]},"properties":{"id":182,"source":1562,"mouth":1045,"parent":182,"basin":182,"widthFactor":0.9119999999999999,"sourceWidth":0.04,"discharge":31,"name":"Torksey","type":"River"}},{"type":"Feature","geometry":{"type":"LineString","coordinates":[[32.4136,-2.9564],[31.3144,-3.3021],[30.5655,-4.2289],[29.5364,-4.6909],[29.5179,-4.1963],[29.0467,-3.9246],[28.9377,-3.4745],[29.02,-3.0193],[28.6682,-2.659],[28.6636,-2.2227],[29.1287,-1.8655],[29.2606,-1.265],[29.6591,-0.8591],[29.9837,-0.0391],[29.924,0.8582],[30.1718,1.6936]]},"properties":{"id":184,"source":5723,"mouth":5568,"parent":3,"basin":3,"widthFactor":0.76,"sourceWidth":0.16,"discharge":242,"name":"Aesos","type":"River"}},{"type":"Feature","geometry":{"type":"LineString","coordinates":[[-47.82,-2.6386],[-48.9038,-2.7597],[-49.9077,-3.2122],[-50.9755,-3.3995],[-52.1052,-2.6561],[-53.3902,-2.2088],[-54.5509,-1.5245]]},"properties":{"id":186,"source":5686,"mouth":5685,"parent":86,"basin":86,"widthFactor":0.76,"sourceWidth":0.08,"discharge":114,"name":"Inversycha","type":"Fork"}},{"type":"Feature","geometry":{"type":"LineString","coordinates":[[70.4618,20.3086],[70.4967,19.6351],[70.8614,19.0477],[70.9623,18.3914],[71.8605,17.2459],[73.0018,16.33],[73.9486,15.2305],[72.6193,14.5087],[71.4712,13.5129],[70.1782,12.7364],[70.0061,11.93],[70.1563,11.1066],[70.0486,10.2968],[69.2628,10.0749],[68.6097,9.5646],[67.8505,9.285],[67.6235,8.5711],[67.706,7.8135],[67.5409,7.0909]]},"properties":{"id":187,"source":4323,"mouth":4954,"parent":187,"basin":187,"widthFactor":0.9119999999999999,"sourceWidth":0.04,"discharge":209,"name":"Laraiontion","type":"River"}},{"type":"Feature","geometry":{"type":"LineString","coordinates":[[-53.16,31.8695],[-54.059,32.0064],[-54.9582,31.8023],[-55.8573,31.8709],[-56.5447,31.1693],[-56.9636,30.2683],[-57.5973,29.5268],[-57.9821,28.2485],[-58.0446,26.9069],[-58.365,25.6159],[-58.1792,24.536],[-57.684,23.5479],[-57.4364,22.4864],[-56.8354,21.8567],[-56.0391,21.4774],[-55.3991,20.8977]]},"properties":{"id":188,"source":3469,"mouth":4107,"parent":188,"basin":188,"widthFactor":0.9119999999999999,"sourceWidth":0.07,"discharge":246,"name":"Sormevik","type":"River"}},{"type":"Feature","geometry":{"type":"LineString","coordinates":[[-112.2586,7.2382],[-112.6445,6.7936],[-112.7282,6.1912],[-113.0536,5.715],[-113.6004,4.9714],[-113.8519,4.0709],[-114.3395,3.2959],[-114.8226,3.2164],[-115.1673,2.8391],[-115.6227,2.7],[-115.7423,1.9302],[-115.5391,1.1644],[-115.5941,0.3955]]},"properties":{"id":190,"source":5029,"mouth":5348,"parent":190,"basin":190,"widthFactor":0.9119999999999999,"sourceWidth":0.05,"discharge":113,"name":"Abersoch","type":"River"}},{"type":"Feature","geometry":{"type":"LineString","coordinates":[[71.0973,38.1736],[71.7108,38.2475],[72.2098,38.6424],[72.8005,38.7805],[73.5445,38.5799],[74.3182,38.7125],[75.0682,38.5786],[75.7555,37.8747],[76.645,37.4295],[77.3727,36.7773],[78.8218,36.6177],[80.2777,36.7809],[81.7282,36.6859]]},"properties":{"id":192,"source":3190,"mouth":3194,"parent":192,"basin":192,"widthFactor":0.9119999999999999,"sourceWidth":0.05,"discharge":203,"name":"Liemi","type":"River"}},{"type":"Feature","geometry":{"type":"LineString","coordinates":[[-128.595,56.3073],[-127.8262,55.8348],[-126.9249,55.6765],[-126.1295,55.2668],[-124.8079,55.1131],[-123.4813,55.2937],[-122.1586,55.2068],[-121.4609,55.1042],[-120.7768,55.3297],[-120.0818,55.2927],[-119.3025,54.8419],[-118.4033,54.6909],[-117.6,54.3],[-117.3885,53.2819],[-116.8762,52.3659],[-116.6045,51.3682]]},"properties":{"id":193,"source":1949,"mouth":1954,"parent":193,"basin":193,"widthFactor":0.9119999999999999,"sourceWidth":0.05,"discharge":97,"name":"Karlsteig","type":"River"}},{"type":"Feature","geometry":{"type":"LineString","coordinates":[[135.9055,-47.9332],[136.5847,-47.3167],[136.9999,-46.4846],[137.6264,-45.825],[137.6054,-45.3724],[137.2698,-45.0331],[137.1859,-44.6032],[137.7259,-44.0164],[137.9909,-43.25],[138.4759,-42.6273],[137.5079,-42.0069],[136.3974,-41.6761],[135.4009,-41.1136],[133.9602,-40.7856],[132.4758,-40.772],[131.0264,-40.5068],[130.1658,-40.8716],[129.4646,-41.5051],[128.6359,-41.9236]]},"properties":{"id":194,"source":8640,"mouth":8133,"parent":194,"basin":194,"widthFactor":0.9119999999999999,"sourceWidth":0.06,"discharge":240,"name":"Escres","type":"River"}},{"type":"Feature","geometry":{"type":"LineString","coordinates":[[-11.3018,46.0418],[-10.1892,46.658],[-9.2729,47.553],[-8.1995,48.225],[-8.012,48.7049],[-8.1569,49.2214],[-8.0359,49.7086]]},"properties":{"id":196,"source":2642,"mouth":2472,"parent":196,"basin":196,"widthFactor":0.9119999999999999,"sourceWidth":0.07,"discharge":109,"name":"Pydria","type":"River"}},{"type":"Feature","geometry":{"type":"LineString","coordinates":[[-126.0368,-59.3005],[-126.141,-58.8416],[-126.5415,-58.5515],[-126.705,-58.1264],[-127.3003,-57.3592],[-128.129,-56.8315],[-128.7709,-56.1123],[-128.7976,-55.6459],[-129.1337,-55.2898],[-129.2223,-54.8455]]},"properties":{"id":197,"source":9099,"mouth":8961,"parent":197,"basin":197,"widthFactor":0.9119999999999999,"sourceWidth":0.05,"discharge":83,"name":"Maldon","type":"River"}},{"type":"Feature","geometry":{"type":"LineString","coordinates":[[-128.2855,-78.5973],[-127.8686,-78.345],[-127.7029,-77.8621],[-127.3364,-77.5636],[-126.9212,-77.3107],[-126.7519,-76.831],[-126.3859,-76.5327],[-125.7585,-75.7871],[-125.4087,-74.8658],[-124.8368,-74.085]]},"properties":{"id":198,"source":10227,"mouth":10077,"parent":198,"basin":198,"widthFactor":0.9119999999999999,"sourceWidth":0.05,"discharge":165,"name":"Salboreley","type":"River"}},{"type":"Feature","geometry":{"type":"LineString","coordinates":[[48.8795,-4.4359],[49.0849,-5.1625],[49.5962,-5.7385],[49.8627,-6.435],[51.1183,-7.3394],[52.5452,-7.9566],[53.835,-8.8036],[53.8773,-10.0057],[54.2445,-11.1605],[54.3518,-12.3532],[54.8916,-13.359],[55.6967,-14.181],[56.2895,-15.15]]},"properties":{"id":207,"source":5887,"mouth":6354,"parent":224,"basin":224,"widthFactor":0.76,"sourceWidth":0.06,"discharge":137,"name":"Turk","type":"Fork"}},{"type":"Feature","geometry":{"type":"LineString","coordinates":[[-105.2168,22.7264],[-105.6807,23.4955],[-106.4065,24.0463],[-106.9227,24.7718],[-107.5071,26.1665],[-108.3873,27.4052],[-109.0309,28.7686],[-109.855,28.7832],[-110.6325,28.4727],[-111.4473,28.4223],[-112.6264,29.3887],[-113.9884,30.0891],[-115.2041,31.0023],[-115.2462,31.5183],[-115.5887,31.9317],[-115.6909,32.4273],[-115.472,33.0179],[-115.5617,33.6569],[-115.4045,34.2573]]},"properties":{"id":208,"source":4079,"mouth":3435,"parent":208,"basin":208,"widthFactor":0.9119999999999999,"sourceWidth":0.04,"discharge":109,"name":"Eryde","type":"River"}},{"type":"Feature","geometry":{"type":"LineString","coordinates":[[139.1714,-48.2741],[139.6106,-47.6476],[139.7404,-46.8783],[140.1177,-46.2232],[139.6921,-44.969],[138.9623,-43.8537],[138.4759,-42.6273]]},"properties":{"id":209,"source":8641,"mouth":8484,"parent":194,"basin":194,"widthFactor":0.76,"sourceWidth":0.06,"discharge":49,"name":"Intrat","type":"River"}},{"type":"Feature","geometry":{"type":"LineString","coordinates":[[-53.0468,-50.37],[-53.3729,-51.4183],[-53.3633,-52.5266],[-53.6223,-53.5868],[-54.3071,-53.9061],[-54.7992,-54.4987],[-55.4455,-54.8727]]},"properties":{"id":210,"source":8705,"mouth":8845,"parent":210,"basin":210,"widthFactor":0.9119999999999999,"sourceWidth":0.05,"discharge":55,"name":"Blandmanch","type":"River"}},{"type":"Feature","geometry":{"type":"LineString","coordinates":[[-158.1273,4.6868],[-158.386,5.5468],[-158.9525,6.2602],[-159.2727,7.0909],[-158.9816,8.0513],[-159.0206,9.0652],[-158.7955,10.0364]]},"properties":{"id":211,"source":5173,"mouth":5013,"parent":211,"basin":211,"widthFactor":0.9119999999999999,"sourceWidth":0.04,"discharge":51,"name":"Aldach","type":"River"}},{"type":"Feature","geometry":{"type":"LineString","coordinates":[[78.9041,20.3714],[78.8617,19.0223],[79.1594,17.697],[79.185,16.3527],[78.7278,16.1912],[78.4647,15.7574],[78.0464,15.5414],[77.3206,14.5213],[76.8809,13.34],[76.2123,12.2877],[75.6579,11.3085],[75.4008,10.2035],[74.9059,9.1991],[74.5648,8.4392],[74.5299,7.595],[74.25,6.8182],[73.7326,6.3868],[73.4564,5.7566],[72.9873,5.2855]]},"properties":{"id":219,"source":4326,"mouth":5111,"parent":219,"basin":219,"widthFactor":0.9119999999999999,"sourceWidth":0.04,"discharge":150,"name":"Yhakivesi","type":"River"}},{"type":"Feature","geometry":{"type":"LineString","coordinates":[[147.2236,51.3409],[148.3671,51.4262],[149.4451,51.846],[150.5755,51.9982],[151.4887,52.2953],[152.2552,52.8928],[153.1391,53.25],[153.7427,53.633],[154.1225,54.2562],[154.6814,54.6873],[155.2289,55.1388],[155.5292,55.7979],[156.0273,56.2909],[156.331,55.748],[156.8743,55.4135],[157.2259,54.9123]]},"properties":{"id":220,"source":2387,"mouth":1928,"parent":220,"basin":220,"widthFactor":0.9119999999999999,"sourceWidth":0.05,"discharge":202,"name":"Romney","type":"River"}},{"type":"Feature","geometry":{"type":"LineString","coordinates":[[144.63,-34.2082],[145.1279,-32.9],[145.2969,-31.5021],[145.7291,-30.1759],[145.9813,-29.4032],[145.903,-28.5804],[146.0891,-27.7977],[146.6658,-27.3194],[146.9917,-26.6289],[147.5182,-26.1082]]},"properties":{"id":221,"source":7666,"mouth":7357,"parent":532,"basin":856,"widthFactor":0.76,"sourceWidth":0.06,"discharge":138,"name":"Catillasas","type":"River"}},{"type":"Feature","geometry":{"type":"LineString","coordinates":[[-47.4341,-46.3555],[-46.2474,-46.7901],[-44.9786,-46.8938],[-43.7755,-47.2623],[-42.8732,-46.892],[-42.1391,-46.2326],[-41.2705,-45.8045],[-40.2548,-45.7798],[-39.2896,-45.4306],[-38.2841,-45.3409],[-37.4193,-45.1009],[-36.6847,-44.5655],[-35.8459,-44.2664],[-34.7529,-43.9529],[-33.781,-43.3458],[-32.7123,-42.9736],[-32.0038,-43.8416],[-31.0767,-44.4862],[-30.3245,-45.3095],[-29.8671,-45.6542],[-29.2817,-45.719],[-28.7986,-46.0077]]},"properties":{"id":222,"source":8401,"mouth":8407,"parent":126,"basin":126,"widthFactor":0.76,"sourceWidth":0.06,"discharge":302,"name":"Ormsted","type":"Fork"}},{"type":"Feature","geometry":{"type":"LineString","coordinates":[[36.5523,-5.1764],[36.703,-5.8293],[37.1633,-6.3397],[37.3759,-6.9641],[38.2081,-7.4219],[39.1587,-7.567],[40.0145,-7.9623],[41.2739,-7.9781],[42.5031,-7.6669],[43.7564,-7.6173],[43.8967,-8.5038],[44.3453,-9.2945],[44.5473,-10.1618],[45.395,-10.3404],[46.262,-10.2021],[47.1136,-10.3173],[47.828,-11.1529],[48.7553,-11.7597],[49.5123,-12.5495],[49.3847,-13.2733],[49.5647,-13.999],[49.4986,-14.7232],[49.4986,-14.7232],[50.3953,-14.8712],[51.3014,-14.7208],[52.2,-14.8091],[52.8587,-15.2904],[53.6548,-15.5116],[54.3409,-15.9409],[55.3588,-15.6529],[56.2895,-15.15],[56.5365,-15.5843],[56.9509,-15.8632]]},"properties":{"id":224,"source":5883,"mouth":6518,"parent":224,"basin":224,"widthFactor":0.9119999999999999,"sourceWidth":0.04,"discharge":594,"name":"Anyamazopu","type":"River"}},{"type":"Feature","geometry":{"type":"LineString","coordinates":[[35.9577,-33.0941],[35.4963,-33.7088],[35.3396,-34.4765],[34.9391,-35.1218],[33.92,-34.9604],[32.8918,-35.1332],[31.8709,-35.0386],[31.4789,-36.071],[31.4056,-37.1827],[31.0773,-38.2309],[30.0352,-39.0499],[29.2165,-40.1021],[28.2191,-40.9677]]},"properties":{"id":229,"source":7618,"mouth":7918,"parent":23,"basin":23,"widthFactor":0.76,"sourceWidth":0.04,"discharge":95,"name":"Deperibi","type":"River"}},{"type":"Feature","geometry":{"type":"LineString","coordinates":[[152.7968,4.6991],[154.1045,5.2652],[155.2475,6.1297],[156.5223,6.7555],[156.8027,7.9253],[156.7514,9.1364],[156.9655,10.3145]]},"properties":{"id":230,"source":5311,"mouth":5151,"parent":338,"basin":338,"widthFactor":0.76,"sourceWidth":0.05,"discharge":53,"name":"Asche","type":"River"}},{"type":"Feature","geometry":{"type":"LineString","coordinates":[[129.285,53.9741],[128.434,53.5],[127.7889,52.7543],[126.9791,52.2259],[126.2866,51.9991],[125.7549,51.4791],[125.0945,51.1936],[123.9512,50.2052],[123.0435,48.9879],[121.9473,47.9536],[120.9406,47.6413],[120.0665,47.0348],[119.0864,46.6636],[118.6054,46.968],[118.0189,46.9728],[117.5168,47.2173]]},"properties":{"id":231,"source":2214,"mouth":2540,"parent":231,"basin":231,"widthFactor":0.9119999999999999,"sourceWidth":0.05,"discharge":112,"name":"Ianagne","type":"River"}},{"type":"Feature","geometry":{"type":"LineString","coordinates":[[153.0273,27.2277],[153.9426,27.5388],[154.7037,28.154],[155.5882,28.5259],[156.0639,28.9694],[156.2662,29.6053],[156.6873,30.0873],[157.6879,30.2369],[158.5983,30.7022],[159.5809,30.915]]},"properties":{"id":233,"source":3882,"mouth":3727,"parent":506,"basin":506,"widthFactor":0.76,"sourceWidth":0.05,"discharge":65,"name":"Pogent","type":"River"}},{"type":"Feature","geometry":{"type":"LineString","coordinates":[[63.9586,25.3923],[62.9005,24.9289],[62.015,24.1717],[60.9914,23.6495],[59.9151,23.3072],[58.9772,22.6605],[57.9286,22.2573],[57.2115,21.8694],[56.6951,21.2217],[56.0182,20.7818],[55.7659,20.3491],[55.825,19.8311],[55.635,19.3814],[55.3007,18.5992],[55.2737,17.7372],[55.0009,16.9391]]},"properties":{"id":235,"source":3999,"mouth":4316,"parent":235,"basin":235,"widthFactor":0.9119999999999999,"sourceWidth":0.06,"discharge":140,"name":"Kodos","type":"River"}},{"type":"Feature","geometry":{"type":"LineString","coordinates":[[-12.4705,-26.2582],[-13.2147,-27.0667],[-13.6813,-28.0732],[-14.37,-28.9214],[-12.922,-29.3408],[-11.4099,-29.4321],[-9.9491,-29.7859],[-10.2731,-30.694],[-10.2757,-31.6693],[-10.5355,-32.5909],[-10.7018,-34.0134],[-10.5455,-35.4444],[-10.6473,-36.8686],[-10.0569,-37.8879],[-9.2106,-38.7192],[-8.5691,-39.7009],[-7.532,-39.0882],[-6.6808,-38.2243],[-5.6809,-37.5614],[-4.9555,-37.9613],[-4.1232,-38.0728],[-3.3764,-38.415]]},"properties":{"id":236,"source":7133,"mouth":7901,"parent":236,"basin":236,"widthFactor":0.9119999999999999,"sourceWidth":0.06,"discharge":178,"name":"Nedine","type":"River"}},{"type":"Feature","geometry":{"type":"LineString","coordinates":[[103.5573,-42.5455],[103.4273,-43.5459],[103.6382,-44.5441],[103.5764,-45.5441],[103.3484,-46.8193],[103.454,-48.119],[103.2927,-49.3991],[102.7064,-49.5392],[102.2643,-49.9745],[101.7068,-50.1736],[101.6398,-51.0838],[101.8949,-51.9719],[101.8923,-52.8777],[100.9144,-53.8361],[100.1789,-54.9997],[99.2495,-55.9991],[98.8347,-56.6159],[98.7047,-57.3611],[98.3468,-58.0036]]},"properties":{"id":237,"source":8299,"mouth":9046,"parent":237,"basin":237,"widthFactor":0.9119999999999999,"sourceWidth":0.06,"discharge":261,"name":"Roposo","type":"River"}},{"type":"Feature","geometry":{"type":"LineString","coordinates":[[-15.3423,-3.0041],[-15.1703,-4.3962],[-14.6657,-5.7137],[-14.4273,-7.0909],[-13.7923,-7.6084],[-12.9913,-7.8356],[-12.3232,-8.295]]},"properties":{"id":238,"source":5699,"mouth":5853,"parent":238,"basin":238,"widthFactor":0.9119999999999999,"sourceWidth":0.08,"discharge":96,"name":"Sudhurstley","type":"River"}},{"type":"Feature","geometry":{"type":"LineString","coordinates":[[66.3873,15.9205],[66.1207,15.0779],[66.191,14.1838],[65.9918,13.3309],[65.1233,13.3387],[64.3033,13.0156],[63.4445,12.9573]]},"properties":{"id":240,"source":4636,"mouth":4787,"parent":240,"basin":240,"widthFactor":0.9119999999999999,"sourceWidth":0.05,"discharge":55,"name":"Delpsos","type":"River"}},{"type":"Feature","geometry":{"type":"LineString","coordinates":[[-36.9573,-36.0777],[-35.8176,-36.4442],[-34.6112,-36.4763],[-33.4582,-36.7759],[-33.6996,-37.0971],[-33.6859,-37.4986],[-32.7954,-38.098],[-31.7562,-38.4046],[-30.8359,-38.9455],[-30.1391,-39.6827],[-29.2377,-40.17],[-28.5,-40.8573]]},"properties":{"id":245,"source":7730,"mouth":7891,"parent":126,"basin":126,"widthFactor":0.76,"sourceWidth":0.05,"discharge":82,"name":"Hartondalbo","type":"River"}},{"type":"Feature","geometry":{"type":"LineString","coordinates":[[-26.0673,52.3241],[-26.1483,51.5623],[-25.8893,50.8254],[-25.9023,50.0686],[-26.3342,49.116],[-26.4465,48.0654],[-26.8145,47.0932],[-27.7483,46.8266],[-28.55,46.2594],[-29.4573,45.9327]]},"properties":{"id":246,"source":2139,"mouth":2465,"parent":246,"basin":246,"widthFactor":0.9119999999999999,"sourceWidth":0.07,"discharge":114,"name":"Chales","type":"River"}},{"type":"Feature","geometry":{"type":"LineString","coordinates":[[-14.1886,36.8305],[-14.5574,36.1631],[-14.6031,35.3869],[-14.9073,34.6977],[-15.515,34.4958],[-15.9534,34.0055],[-16.5273,33.7459],[-17.1773,34.6411],[-18.0682,35.3131],[-18.7664,36.1636]]},"properties":{"id":247,"source":3142,"mouth":3484,"parent":140,"basin":140,"widthFactor":0.76,"sourceWidth":0.05,"discharge":59,"name":"Phitaca","type":"River"}},{"type":"Feature","geometry":{"type":"LineString","coordinates":[[-87.0764,-4.8791],[-87.9329,-5.4766],[-88.5595,-6.3258],[-89.37,-6.9736],[-89.8601,-8.2182],[-90.0284,-9.5536],[-90.4541,-10.8164],[-91.1836,-10.634],[-91.9359,-10.7792],[-92.67,-10.6623]]},"properties":{"id":249,"source":5822,"mouth":6129,"parent":86,"basin":86,"widthFactor":0.76,"sourceWidth":0.05,"discharge":97,"name":"Abergoeddau","type":"Fork"}},{"type":"Feature","geometry":{"type":"LineString","coordinates":[[-67.7673,-3.6832],[-68.1885,-3.9532],[-68.3544,-4.4493],[-68.7245,-4.7645],[-69.8053,-5.396],[-70.6876,-6.2965],[-71.7286,-6.9818]]},"properties":{"id":250,"source":5679,"mouth":5829,"parent":59,"basin":86,"widthFactor":0.76,"sourceWidth":0.05,"discharge":57,"name":"Bhruais","type":"River"}},{"type":"Feature","geometry":{"type":"LineString","coordinates":[[-73.215,42.8441],[-74.1702,42.1026],[-74.8874,41.1171],[-75.795,40.3268],[-76.7424,40.8388],[-77.8111,41.039],[-78.7827,41.4886]]},"properties":{"id":251,"source":2782,"mouth":2953,"parent":63,"basin":112,"widthFactor":0.76,"sourceWidth":0.07,"discharge":55,"name":"Selfosmy","type":"River"}},{"type":"Feature","geometry":{"type":"LineString","coordinates":[[-62.2936,32.2636],[-61.6645,31.3927],[-60.7866,30.7548],[-60.1077,29.9305],[-60.1938,29.3316],[-59.9465,28.7594],[-59.9659,28.1659],[-59.5435,27.2461],[-58.843,26.5008],[-58.365,25.6159]]},"properties":{"id":252,"source":3466,"mouth":3794,"parent":188,"basin":188,"widthFactor":0.76,"sourceWidth":0.05,"discharge":86,"name":"Opeid","type":"Fork"}},{"type":"Feature","geometry":{"type":"LineString","coordinates":[[56.2132,2.3795],[56.4179,2.0095],[56.8517,1.8918],[57.1023,1.5723],[58.3064,1.59],[59.4684,1.9395],[60.6641,2.0236],[61.4348,1.8425],[62.2265,1.9892],[63.0014,1.8736],[63.717,1.4746],[64.5435,1.3788],[65.2814,1.0405],[65.8647,0.7217],[66.5442,0.7055],[67.1468,0.4473],[68.2263,0.6056],[69.2253,1.0658],[70.2886,1.2845]]},"properties":{"id":255,"source":5421,"mouth":5587,"parent":255,"basin":255,"widthFactor":0.9119999999999999,"sourceWidth":0.04,"discharge":217,"name":"Ronia","type":"River"}},{"type":"Feature","geometry":{"type":"LineString","coordinates":[[-20.37,-54.4868],[-20.2641,-53.4478],[-20.4991,-52.4188],[-20.4614,-51.3818],[-19.8661,-51.1221],[-19.4647,-50.5901],[-18.9082,-50.2759]]},"properties":{"id":256,"source":8859,"mouth":8718,"parent":126,"basin":126,"widthFactor":0.76,"sourceWidth":0.05,"discharge":55,"name":"Redcking","type":"River"}},{"type":"Feature","geometry":{"type":"LineString","coordinates":[[46.1986,7.7032],[46.8579,7.5167],[47.5429,7.6703],[48.2073,7.5518],[49.0687,7.0332],[50.0629,6.8214],[50.9509,6.3641],[51.5654,7.3466],[51.8835,8.4706],[52.4386,9.4814],[53.5865,9.5654],[54.6749,9.9666],[55.8109,10.1141],[56.3373,9.715],[57.0034,9.6011],[57.5577,9.2591],[58.0653,9.0494],[58.6233,9.148],[59.1409,9],[59.4846,10.0546],[59.527,11.1715],[59.8105,12.2386]]},"properties":{"id":257,"source":5095,"mouth":4949,"parent":257,"basin":257,"widthFactor":0.9119999999999999,"sourceWidth":0.08,"discharge":250,"name":"Tratea","type":"River"}},{"type":"Feature","geometry":{"type":"LineString","coordinates":[[138.7677,-56.2759],[138.8824,-56.9501],[139.315,-57.5013],[139.4932,-58.1509],[140.6055,-58.8254],[141.8609,-59.1977],[143.0018,-59.8118],[142.8244,-60.5054],[142.9746,-61.2207],[142.8627,-61.9186],[143.2399,-61.7631],[143.4059,-61.3634],[143.7409,-61.1591],[144.7869,-61.7051],[145.9486,-61.9554],[147.0177,-62.4423],[148.285,-62.4889],[149.5329,-62.2235],[150.7964,-62.2077],[151.5404,-61.8391],[152.1084,-61.2182],[152.8173,-60.7991],[153.695,-60.4794],[154.433,-59.8908],[155.2827,-59.5173],[156.0008,-58.9087],[156.4987,-58.0988],[157.1727,-57.45]]},"properties":{"id":259,"source":9063,"mouth":9198,"parent":259,"basin":259,"widthFactor":0.9119999999999999,"sourceWidth":0.06,"discharge":561,"name":"Viados","type":"River"}},{"type":"Feature","geometry":{"type":"LineString","coordinates":[[-135.2455,-17.6045],[-134.3939,-17.3972],[-133.6735,-16.8753],[-132.8482,-16.605],[-132.2807,-15.4385],[-132.0274,-14.1576],[-131.5227,-12.9682],[-131.3325,-12.0538],[-131.4701,-11.1185],[-131.3455,-10.2]]},"properties":{"id":260,"source":6590,"mouth":6266,"parent":260,"basin":260,"widthFactor":0.9119999999999999,"sourceWidth":0.06,"discharge":67,"name":"Adingham","type":"River"}},{"type":"Feature","geometry":{"type":"LineString","coordinates":[[105.9259,-40.4373],[106.8863,-41.5605],[108.0843,-42.4393],[109.0923,-43.5136],[109.5305,-44.3258],[110.2368,-44.9382],[110.7286,-45.7105]]},"properties":{"id":261,"source":8120,"mouth":8301,"parent":261,"basin":261,"widthFactor":0.9119999999999999,"sourceWidth":0.05,"discharge":117,"name":"Alpedrinhei","type":"River"}},{"type":"Feature","geometry":{"type":"LineString","coordinates":[[-51.9191,-44.0809],[-51.1584,-43.2472],[-50.6756,-42.2159],[-49.9705,-41.3427],[-50.4235,-40.5416],[-51.1405,-39.9456],[-51.6464,-39.1855],[-52.2813,-38.754],[-53.0516,-38.6217],[-53.7136,-38.25]]},"properties":{"id":262,"source":8227,"mouth":7882,"parent":262,"basin":262,"widthFactor":0.9119999999999999,"sourceWidth":0.07,"discharge":96,"name":"Savewent","type":"River"}},{"type":"Feature","geometry":{"type":"LineString","coordinates":[[-40.92,-41.7845],[-40.4189,-42.3952],[-39.6955,-42.7474],[-39.15,-43.3064],[-38.086,-43.7548],[-36.9286,-43.8821],[-35.8459,-44.2664]]},"properties":{"id":271,"source":8052,"mouth":8232,"parent":222,"basin":126,"widthFactor":0.76,"sourceWidth":0.06,"discharge":61,"name":"Avenil","type":"River"}},{"type":"Feature","geometry":{"type":"LineString","coordinates":[[-50.9809,57.2509],[-50.0398,57.238],[-49.1435,57.563],[-48.2114,57.6177],[-47.3082,57.8191],[-46.5243,58.3329],[-45.645,58.5968],[-45.2266,58.4691],[-44.811,58.6698],[-44.3932,58.6077],[-43.498,59.3831],[-42.8396,60.378],[-41.9918,61.1973],[-41.0962,61.4634],[-40.3317,62.0188],[-39.4623,62.3427],[-39.0583,63.3147],[-38.9552,64.3715],[-38.6114,65.3605],[-39.6599,65.9466],[-40.8303,66.2503],[-41.9032,66.78],[-40.902,67.5639],[-40.1095,68.5676],[-39.15,69.3955],[-39.1195,70.2385],[-39.3857,71.0501],[-39.4145,71.8868]]},"properties":{"id":272,"source":1842,"mouth":1040,"parent":272,"basin":272,"widthFactor":0.9119999999999999,"sourceWidth":0.06,"discharge":230,"name":"Granthehore","type":"River"}},{"type":"Feature","geometry":{"type":"LineString","coordinates":[[-59.0836,-24.2973],[-59.7673,-24.7455],[-60.2191,-25.4436],[-60.8564,-25.9418],[-61.8805,-26.6785],[-62.6818,-27.6644],[-63.6614,-28.4509],[-63.8723,-29.4717],[-63.7559,-30.5178],[-63.9014,-31.5436],[-65.2642,-32.1285],[-66.4745,-32.9978],[-67.8068,-33.6395],[-69.3306,-33.5904],[-70.8381,-33.8584],[-72.3586,-33.8727],[-72.8415,-33.778],[-73.3047,-33.9951],[-73.7836,-33.9627],[-74.8736,-33.4273],[-76.0705,-33.1804],[-77.1818,-32.7027],[-78.1353,-31.8414],[-79.2698,-31.2231],[-80.2595,-30.4105],[-79.8632,-29.4878],[-79.7532,-28.4809],[-79.4141,-27.5414],[-79.5307,-26.6254],[-79.9319,-25.7834],[-80.1055,-24.8823],[-81.2446,-24.44],[-82.4468,-24.2209],[-83.4742,-22.5903],[-84.6873,-21.0927],[-85.6205,-20.4965],[-86.655,-20.1014],[-86.725,-19.5739],[-87.0041,-19.1209],[-88.6509,-16.9942],[-90.465,-15.0082],[-91.9897,-13.9428],[-93.6273,-13.0609],[-94.0376,-11.4478],[-94.65,-9.9]]},"properties":{"id":273,"source":6947,"mouth":6282,"parent":86,"basin":86,"widthFactor":0.76,"sourceWidth":0.04,"discharge":599,"name":"Bokelek","type":"Fork"}},{"type":"Feature","geometry":{"type":"LineString","coordinates":[[-71.4477,-21.8495],[-71.7898,-20.2322],[-72.4585,-18.7127],[-72.8659,-17.115],[-72.5785,-16.5275],[-72.6153,-15.8576],[-72.3927,-15.2536]]},"properties":{"id":274,"source":6780,"mouth":6617,"parent":86,"basin":86,"widthFactor":0.76,"sourceWidth":0.05,"discharge":56,"name":"Aberg","type":"River"}},{"type":"Feature","geometry":{"type":"LineString","coordinates":[[-119.7709,-58.6895],[-119.6481,-59.7987],[-119.1937,-60.8293],[-119.0045,-61.9227],[-119.3612,-62.6093],[-119.3989,-63.3965],[-119.6918,-64.1032]]},"properties":{"id":275,"source":9101,"mouth":9232,"parent":275,"basin":275,"widthFactor":0.9119999999999999,"sourceWidth":0.05,"discharge":72,"name":"Kingralis","type":"River"}},{"type":"Feature","geometry":{"type":"LineString","coordinates":[[166.0677,-40.6377],[166.3829,-40.9434],[166.8477,-40.9428],[167.1927,-41.1873],[167.8562,-41.7453],[168.6928,-42.0173],[169.3909,-42.5182]]},"properties":{"id":277,"source":8151,"mouth":8152,"parent":277,"basin":277,"widthFactor":0.9119999999999999,"sourceWidth":0.04,"discharge":84,"name":"Alben","type":"Creek"}},{"type":"Feature","geometry":{"type":"LineString","coordinates":[[30.3641,-27.8441],[30.1942,-28.6333],[30.3649,-29.437],[30.2632,-30.2291],[28.8551,-29.8035],[27.3797,-29.7055],[25.9582,-29.3455]]},"properties":{"id":284,"source":7313,"mouth":7467,"parent":44,"basin":23,"widthFactor":0.76,"sourceWidth":0.07,"discharge":109,"name":"Ayayay","type":"River"}},{"type":"Feature","geometry":{"type":"LineString","coordinates":[[130.8041,46.3173],[130.9834,45.2361],[131.4894,44.2522],[131.7341,43.1905],[131.4652,42.5346],[131.5242,41.8127],[131.3209,41.1436],[132.6214,40.7387],[133.9888,40.6552],[135.3027,40.3145],[135.752,39.2513],[136.4827,38.3462],[136.9882,37.3145],[136.5432,36.977],[136.3425,36.4367],[135.9464,36.0586],[136.4195,34.876],[137.17,33.8374],[137.6986,32.6836],[137.2145,31.5631],[137.0237,30.3496],[136.5982,29.2105],[135.644,28.9925],[134.7934,28.4899],[133.86,28.215],[133.4738,27.5342],[133.3667,26.7474],[133.0364,26.0455],[132.2404,25.5795],[131.6241,24.8807],[130.8641,24.3682]]},"properties":{"id":285,"source":2707,"mouth":3874,"parent":381,"basin":381,"widthFactor":0.76,"sourceWidth":0.07,"discharge":440,"name":"Bauzy","type":"Fork"}},{"type":"Feature","geometry":{"type":"LineString","coordinates":[[143.1368,-51.5782],[142.9968,-52.2989],[143.1977,-53.0213],[143.1259,-53.7423],[143.2064,-54.5461],[143.6095,-55.262],[143.7545,-56.0482],[144.6079,-56.867],[145.6608,-57.4251],[146.5541,-58.1918],[146.5803,-59.6226],[146.9274,-61.0185],[147.0177,-62.4423]]},"properties":{"id":288,"source":8792,"mouth":9195,"parent":259,"basin":259,"widthFactor":0.76,"sourceWidth":0.07,"discharge":170,"name":"Monzoncon","type":"Fork"}},{"type":"Feature","geometry":{"type":"LineString","coordinates":[[141.7882,33.7418],[140.6652,33.6383],[139.6144,33.2015],[138.5059,33.0314],[138.1839,33.0383],[137.9942,32.7381],[137.6986,32.6836]]},"properties":{"id":291,"source":3555,"mouth":3554,"parent":285,"basin":381,"widthFactor":0.76,"sourceWidth":0.06,"discharge":65,"name":"Marsain","type":"Branch"}},{"type":"Feature","geometry":{"type":"LineString","coordinates":[[145.0745,25.8914],[144.9341,24.8292],[145.1345,23.7656],[145.0623,22.7032],[144.2644,22.6558],[143.5419,22.2826],[142.7591,22.17],[141.7217,22.076],[140.755,21.6613],[139.7318,21.5032],[138.6383,21.1713],[137.6729,20.543],[136.605,20.1518]]},"properties":{"id":296,"source":4027,"mouth":4190,"parent":381,"basin":381,"widthFactor":0.76,"sourceWidth":0.06,"discharge":139,"name":"Seichy","type":"River"}},{"type":"Feature","geometry":{"type":"LineString","coordinates":[[98.1395,-35.9986],[98.6565,-35.439],[98.8856,-34.6966],[99.345,-34.1005],[98.8935,-33.0197],[98.1503,-32.1022],[97.6405,-31.0541],[97.9903,-30.2379],[98.0224,-29.3383],[98.3086,-28.5055],[98.3521,-27.1387],[98.0733,-25.7922],[98.0523,-24.4295],[98.6515,-23.2087],[98.9538,-21.8752],[99.4936,-20.6318]]},"properties":{"id":297,"source":7789,"mouth":7015,"parent":297,"basin":297,"widthFactor":0.9119999999999999,"sourceWidth":0.07,"discharge":141,"name":"Doueira","type":"River"}},{"type":"Feature","geometry":{"type":"LineString","coordinates":[[20.1273,-44.1873],[20.7138,-44.046],[21.1476,-43.5999],[21.7036,-43.3977],[22.6084,-42.8168],[23.299,-41.9791],[24.1609,-41.3468]]},"properties":{"id":299,"source":8260,"mouth":8261,"parent":23,"basin":23,"widthFactor":0.76,"sourceWidth":0.07,"discharge":83,"name":"Erlanobayo","type":"River"}},{"type":"Feature","geometry":{"type":"LineString","coordinates":[[8.7123,-55.8027],[9.2129,-56.693],[9.9858,-57.378],[10.5409,-58.2273],[11.4039,-58.6499],[12.3708,-58.7546],[13.2545,-59.1136]]},"properties":{"id":301,"source":9009,"mouth":9012,"parent":301,"basin":301,"widthFactor":0.9119999999999999,"sourceWidth":0.08,"discharge":101,"name":"Kemamerston","type":"River"}},{"type":"Feature","geometry":{"type":"LineString","coordinates":[[149.1136,-69.5045],[149.3018,-70.1044],[149.7854,-70.5341],[150.0327,-71.1],[149.8492,-71.966],[149.9995,-72.8511],[149.8827,-73.7209]]},"properties":{"id":302,"source":9751,"mouth":9893,"parent":302,"basin":302,"widthFactor":0.9119999999999999,"sourceWidth":0.04,"discharge":79,"name":"Estriela","type":"Stream"}},{"type":"Feature","geometry":{"type":"LineString","coordinates":[[-52.2123,-27.8032],[-51.7684,-28.1509],[-51.1854,-28.1873],[-50.7136,-28.4727],[-50.4062,-29.0824],[-49.8355,-29.486],[-49.4755,-30.0545]]},"properties":{"id":303,"source":7269,"mouth":7270,"parent":303,"basin":303,"widthFactor":0.9119999999999999,"sourceWidth":0.07,"discharge":100,"name":"Aberg","type":"Stream"}},{"type":"Feature","geometry":{"type":"LineString","coordinates":[[-74.67,-31.0473],[-75.3351,-31.1286],[-75.8909,-31.5328],[-76.5341,-31.6786],[-77.7328,-31.1293],[-79.0393,-30.8965],[-80.2595,-30.4105]]},"properties":{"id":318,"source":7418,"mouth":7417,"parent":273,"basin":86,"widthFactor":0.76,"sourceWidth":0.06,"discharge":52,"name":"Fegyoujfaros","type":"Fork"}},{"type":"Feature","geometry":{"type":"LineString","coordinates":[[-22.7482,5.7341],[-23.7532,5.3483],[-24.5968,4.6622],[-25.5695,4.2164],[-26.2733,4.1377],[-26.8779,3.7398],[-27.5618,3.5973]]},"properties":{"id":321,"source":5225,"mouth":5224,"parent":717,"basin":717,"widthFactor":0.76,"sourceWidth":0.08,"discharge":98,"name":"Egubin","type":"Fork"}},{"type":"Feature","geometry":{"type":"LineString","coordinates":[[-61.0718,-77.8364],[-62.0526,-77.81],[-62.9951,-78.1223],[-63.9682,-78.1636],[-64.445,-78.4196],[-64.6957,-78.922],[-65.1273,-79.2273]]},"properties":{"id":322,"source":10111,"mouth":10110,"parent":322,"basin":322,"widthFactor":0.9119999999999999,"sourceWidth":0.22,"discharge":238,"name":"Salton","type":"Stream"}},{"type":"Feature","geometry":{"type":"LineString","coordinates":[[58.4455,34.9636],[57.8849,34.8607],[57.4644,34.4469],[56.9318,34.2818],[56.794,33.6158],[56.9905,32.9478],[56.9195,32.2814],[57.0507,31.3597],[57.4972,30.5297],[57.6914,29.6264],[56.808,29.4308],[56.0387,28.9332],[55.1782,28.6773],[55.0879,29.4449],[54.6926,30.1241],[54.5414,30.8741],[53.7374,31.4353],[52.7888,31.7196],[51.9559,32.2255],[52.1533,33.6093],[52.0436,35.0097],[52.1795,36.3968],[51.7708,36.7632],[51.2441,36.9177],[50.3375,37.1949],[49.3803,37.178],[48.4636,37.3964],[48.1079,38.7286],[47.4756,39.9609],[47.0645,41.2732],[47.9956,41.4421],[48.8577,41.8323],[49.6068,42.71],[50.1682,43.7182],[51.1097,43.9503],[51.9723,44.3932]]},"properties":{"id":331,"source":3347,"mouth":2670,"parent":331,"basin":331,"widthFactor":0.9119999999999999,"sourceWidth":0.07,"discharge":896,"name":"Thapsa","type":"River"}},{"type":"Feature","geometry":{"type":"LineString","coordinates":[[52.98,23.9632],[54.202,24.1974],[55.3235,24.7574],[56.5255,25.0568],[56.2017,26.3103],[55.5646,27.4471],[55.1782,28.6773]]},"properties":{"id":332,"source":3994,"mouth":3995,"parent":331,"basin":331,"widthFactor":0.76,"sourceWidth":0.05,"discharge":185,"name":"Skiptonver","type":"River"}},{"type":"Feature","geometry":{"type":"LineString","coordinates":[[-75.9832,-22.9936],[-77.2289,-22.7208],[-78.5115,-22.7869],[-79.7645,-22.5818],[-80.3468,-22.0138],[-81.12,-21.7204],[-81.7405,-21.2073],[-82.7176,-21.0378],[-83.7076,-21.1965],[-84.6873,-21.0927]]},"properties":{"id":333,"source":6940,"mouth":6776,"parent":273,"basin":86,"widthFactor":0.76,"sourceWidth":0.05,"discharge":55,"name":"Keseleklos","type":"Fork"}},{"type":"Feature","geometry":{"type":"LineString","coordinates":[[142.665,7.5368],[142.0778,8.656],[141.2075,9.5852],[140.5636,10.6664],[141.2312,11.2078],[141.6503,11.9729],[142.2682,12.5591],[142.5637,13.281],[142.5386,14.0743],[142.77,14.8105],[142.459,15.7171],[141.8596,16.4787],[141.4909,17.3564]]},"properties":{"id":336,"source":5145,"mouth":4663,"parent":381,"basin":381,"widthFactor":0.76,"sourceWidth":0.05,"discharge":123,"name":"Echilly","type":"Fork"}},{"type":"Feature","geometry":{"type":"LineString","coordinates":[[147.2318,0.6355],[146.3055,0.0363],[145.5984,-0.8241],[144.7159,-1.4755],[143.5235,-1.3303],[142.328,-1.5196],[141.135,-1.4414],[140.5912,-0.959],[139.8774,-0.7576],[139.2995,-0.3314],[138.3683,0.1047],[137.3379,0.2336],[136.3868,0.6082]]},"properties":{"id":337,"source":5628,"mouth":5624,"parent":385,"basin":385,"widthFactor":0.76,"sourceWidth":0.06,"discharge":141,"name":"Fontigno","type":"River"}},{"type":"Feature","geometry":{"type":"LineString","coordinates":[[151.3309,11.2514],[152.697,10.9415],[154.1058,10.9699],[155.4805,10.7277],[155.9396,10.4611],[156.4884,10.5167],[156.9655,10.3145],[157.5999,10.2769],[158.1857,10.564],[158.8105,10.5914],[159.8169,10.4382],[160.8311,10.6077],[161.8391,10.5191],[162.3746,10.8306],[162.6975,11.3781],[163.1905,11.7368],[163.3681,12.9551],[163.2335,14.1868],[163.3486,15.4077],[163.5745,15.9304],[163.4982,16.5112],[163.6636,17.0455],[163.8776,18.1274],[163.7896,19.2352],[163.9432,20.3223]]},"properties":{"id":338,"source":4827,"mouth":4518,"parent":338,"basin":338,"widthFactor":0.9119999999999999,"sourceWidth":0.08,"discharge":510,"name":"Ligloy","type":"River"}},{"type":"Feature","geometry":{"type":"LineString","coordinates":[[41.235,37.8341],[41.0977,38.9343],[40.6298,39.951],[40.4264,41.0345],[39.9944,41.8194],[39.2969,42.4012],[38.8118,43.1455],[38.5447,43.5654],[38.0568,43.7423],[37.7455,44.1136],[37.221,44.4231],[36.5952,44.426],[36.0505,44.6741]]},"properties":{"id":339,"source":3175,"mouth":2664,"parent":339,"basin":339,"widthFactor":0.9119999999999999,"sourceWidth":0.04,"discharge":81,"name":"Hyela","type":"River"}},{"type":"Feature","geometry":{"type":"LineString","coordinates":[[-117.2823,7.6909],[-117.5322,6.4313],[-117.4425,5.1412],[-117.6245,3.8755],[-117.5095,3.2335],[-117.0844,2.7169],[-116.9073,2.1],[-116.5736,1.4516],[-115.9798,1.0037],[-115.5941,0.3955]]},"properties":{"id":340,"source":5027,"mouth":5347,"parent":340,"basin":340,"widthFactor":0.9119999999999999,"sourceWidth":0.05,"discharge":64,"name":"Agoduailor","type":"River"}},{"type":"Feature","geometry":{"type":"LineString","coordinates":[[80.58,26.9291],[81.7818,27.5446],[82.7984,28.4463],[83.9632,29.1191],[84.8575,30.0295],[85.4899,31.148],[86.3318,32.1]]},"properties":{"id":341,"source":3852,"mouth":3698,"parent":391,"basin":391,"widthFactor":0.76,"sourceWidth":0.04,"discharge":53,"name":"Lansuuni","type":"River"}},{"type":"Feature","geometry":{"type":"LineString","coordinates":[[-64.3159,-69.8795],[-63.6191,-69.0995],[-63.2041,-68.1275],[-62.5636,-67.3091],[-62.1454,-66.3652],[-62.0478,-65.3265],[-61.6936,-64.3636]]},"properties":{"id":342,"source":9690,"mouth":9560,"parent":342,"basin":342,"widthFactor":0.9119999999999999,"sourceWidth":0.06,"discharge":98,"name":"Henter","type":"River"}},{"type":"Feature","geometry":{"type":"LineString","coordinates":[[166.4891,3.69],[167.0904,4.0245],[167.4702,4.6182],[168.0273,5.0045],[169.0285,4.7414],[170.0721,4.81],[171.0818,4.6132]]},"properties":{"id":343,"source":5317,"mouth":5157,"parent":343,"basin":343,"widthFactor":0.9119999999999999,"sourceWidth":0.06,"discharge":92,"name":"Cheremou","type":"River"}},{"type":"Feature","geometry":{"type":"LineString","coordinates":[[84.3341,20.1286],[85.1823,20.1025],[85.9861,20.4144],[86.8255,20.4559],[87.259,20.4961],[87.5609,20.8437],[87.9682,20.9455]]},"properties":{"id":344,"source":4328,"mouth":4329,"parent":344,"basin":344,"widthFactor":0.9119999999999999,"sourceWidth":0.06,"discharge":90,"name":"Iskkava","type":"River"}},{"type":"Feature","geometry":{"type":"LineString","coordinates":[[-135.2918,-75.6832],[-135.2416,-75.2237],[-135.526,-74.8288],[-135.5427,-74.3823],[-134.5373,-73.442],[-133.7829,-72.2808],[-132.8277,-71.2964],[-131.961,-71.1512],[-131.1963,-70.6939],[-130.35,-70.4864],[-129.5117,-70.3928],[-128.7578,-69.9877],[-127.9364,-69.8318]]},"properties":{"id":345,"source":10073,"mouth":9657,"parent":345,"basin":345,"widthFactor":0.9119999999999999,"sourceWidth":0.07,"discharge":167,"name":"Kinley","type":"River"}},{"type":"Feature","geometry":{"type":"LineString","coordinates":[[1.1318,-61.0773],[0.7123,-61.557],[0.5916,-62.201],[0.2318,-62.7136],[-0.1865,-63.3037],[-0.301,-64.0334],[-0.6586,-64.6514]]},"properties":{"id":347,"source":9286,"mouth":9287,"parent":347,"basin":347,"widthFactor":0.9119999999999999,"sourceWidth":0.05,"discharge":64,"name":"Felney","type":"Stream"}},{"type":"Feature","geometry":{"type":"LineString","coordinates":[[-142.035,-13.9786],[-141.4085,-14.3333],[-140.6733,-14.3649],[-140.025,-14.655],[-140.025,-14.655],[-139.2441,-14.833],[-138.4438,-14.6831],[-137.6591,-14.7955],[-137.3984,-14.3875],[-137.4463,-13.8846],[-137.2473,-13.4577],[-137.6526,-12.3575],[-138.3423,-11.3987],[-138.8045,-10.3268]]},"properties":{"id":348,"source":6259,"mouth":6262,"parent":348,"basin":348,"widthFactor":0.9119999999999999,"sourceWidth":0.08,"discharge":355,"name":"Shershead","type":"River"}},{"type":"Feature","geometry":{"type":"LineString","coordinates":[[43.8764,-14.6441],[43.6534,-15.183],[44.106,-15.6598],[44.0182,-16.1864],[43.7198,-16.6481],[43.9162,-17.2089],[43.7168,-17.6905],[44.094,-18.5388],[44.8351,-19.1322],[45.285,-19.9295],[46.2165,-20.2686],[47.2227,-20.202],[48.1691,-20.46],[48.7142,-20.9242],[49.442,-21.0415],[50.0236,-21.4364],[50.0113,-21.8666],[50.3559,-22.1747],[50.415,-22.5805],[51.4165,-22.6205],[52.379,-22.2968],[53.3727,-22.2641]]},"properties":{"id":350,"source":6507,"mouth":6999,"parent":350,"basin":350,"widthFactor":0.9119999999999999,"sourceWidth":0.85,"discharge":1127,"name":"Boykut","type":"River"}},{"type":"Feature","geometry":{"type":"LineString","coordinates":[[-152.3141,59.8895],[-152.3842,60.9886],[-152.7893,62.0241],[-152.9264,63.1105],[-154.0344,62.9622],[-155.0587,62.4902],[-156.15,62.2773],[-156.5953,62.6032],[-157.166,62.6257],[-157.6364,62.8909],[-157.9325,63.8535],[-158.5224,64.6824],[-158.8773,65.6182]]},"properties":{"id":365,"source":1664,"mouth":1513,"parent":365,"basin":365,"widthFactor":0.9119999999999999,"sourceWidth":0.05,"discharge":99,"name":"Darbotford","type":"River"}},{"type":"Feature","geometry":{"type":"LineString","coordinates":[[-89.3168,-27.3205],[-90.6042,-27.4094],[-91.8322,-27.834],[-93.1077,-27.99],[-92.7753,-29.0384],[-92.1387,-29.9476],[-91.7455,-30.9682],[-91.7368,-31.503],[-91.4111,-31.9519],[-91.3391,-32.4695]]},"properties":{"id":366,"source":7254,"mouth":7411,"parent":366,"basin":366,"widthFactor":0.9119999999999999,"sourceWidth":0.06,"discharge":73,"name":"Mevekeny","type":"River"}},{"type":"Feature","geometry":{"type":"LineString","coordinates":[[-126.1677,49.4209],[-125.1838,49.3096],[-124.2086,49.5391],[-123.2264,49.4959],[-122.5606,48.9752],[-121.7331,48.7472],[-121.035,48.285]]},"properties":{"id":367,"source":2254,"mouth":2255,"parent":367,"basin":367,"widthFactor":0.9119999999999999,"sourceWidth":0.05,"discharge":51,"name":"Onenbachal","type":"River"}},{"type":"Feature","geometry":{"type":"LineString","coordinates":[[39.4514,-38.3523],[40.4289,-38.2176],[41.3137,-37.7548],[42.2727,-37.5545],[43.0161,-37.9263],[43.859,-37.9789],[44.6223,-38.2868]]},"properties":{"id":368,"source":7922,"mouth":7765,"parent":368,"basin":368,"widthFactor":0.9119999999999999,"sourceWidth":0.05,"discharge":91,"name":"Ayay","type":"River"}},{"type":"Feature","geometry":{"type":"LineString","coordinates":[[-149.7314,-39.0245],[-150.4743,-39.6568],[-150.9622,-40.5152],[-151.6541,-41.1927],[-152.1183,-40.9269],[-152.6708,-40.9836],[-153.1527,-40.7823]]},"properties":{"id":369,"source":7840,"mouth":8000,"parent":369,"basin":369,"widthFactor":0.9119999999999999,"sourceWidth":0.11,"discharge":113,"name":"Forough","type":"Creek"}},{"type":"Feature","geometry":{"type":"LineString","coordinates":[[51.9136,-32.7859],[52.9703,-33.5266],[54.1921,-33.969],[55.2818,-34.65],[55.4407,-35.2923],[55.9012,-35.7902],[56.1205,-36.4036],[55.7989,-37.0727],[55.7938,-37.8293],[55.5355,-38.5159]]},"properties":{"id":370,"source":7625,"mouth":7772,"parent":370,"basin":370,"widthFactor":0.9119999999999999,"sourceWidth":0.06,"discharge":113,"name":"Alaharkor","type":"River"}},{"type":"Feature","geometry":{"type":"LineString","coordinates":[[138.5986,-64.5832],[137.9482,-64.991],[137.5273,-65.6509],[136.9227,-66.1091],[136.1531,-65.8493],[135.3302,-65.9197],[134.55,-65.7259]]},"properties":{"id":371,"source":9489,"mouth":9488,"parent":371,"basin":371,"widthFactor":0.9119999999999999,"sourceWidth":0.05,"discharge":48,"name":"Medrosa","type":"Creek"}},{"type":"Feature","geometry":{"type":"LineString","coordinates":[[133.8818,12.885],[134.1274,13.1869],[134.0499,13.5977],[134.2309,13.9214],[135.3818,14.4472],[136.3623,15.2607],[137.4791,15.8441],[137.1276,16.5437],[136.5116,17.0488],[136.1073,17.7095],[136.3997,18.4979],[136.3758,19.3506],[136.605,20.1518]]},"properties":{"id":380,"source":4820,"mouth":4507,"parent":381,"basin":381,"widthFactor":0.76,"sourceWidth":0.04,"discharge":104,"name":"Sendilliers","type":"River"}},{"type":"Feature","geometry":{"type":"LineString","coordinates":[[146.1218,18.4909],[145.4953,18.3027],[145.0328,17.8157],[144.4391,17.5677],[143.4468,17.6307],[142.4784,17.3601],[141.4909,17.3564],[140.8007,17.9713],[139.9292,18.3125],[139.2027,18.8727],[138.3939,19.4149],[137.4424,19.6675],[136.605,20.1518],[136.0431,20.7561],[135.2848,21.111],[134.6836,21.6655],[134.2292,22.2161],[133.5722,22.5288],[133.0773,23.0318],[132.4032,23.5826],[131.57,23.8701],[130.8641,24.3682],[130.8641,24.3682],[130.2328,24.6929],[129.5116,24.7331],[128.8623,25.0009],[128.2751,24.6769],[127.8729,24.1243],[127.3227,23.7545]]},"properties":{"id":381,"source":4511,"mouth":4020,"parent":381,"basin":381,"widthFactor":0.9119999999999999,"sourceWidth":0.11,"discharge":1172,"name":"Traigy","type":"River"}},{"type":"Feature","geometry":{"type":"LineString","coordinates":[[131.4859,20.5282],[131.7924,20.7487],[131.8133,21.1554],[132.0627,21.4132],[132.5142,21.8817],[132.6824,22.5278],[133.0773,23.0318]]},"properties":{"id":382,"source":4345,"mouth":4187,"parent":381,"basin":381,"widthFactor":0.76,"sourceWidth":0.06,"discharge":64,"name":"Sulleres","type":"Brook"}},{"type":"Feature","geometry":{"type":"LineString","coordinates":[[-18.0655,-53.0482],[-17.137,-53.0902],[-16.2433,-52.7931],[-15.3218,-52.7673],[-14.5418,-52.2086],[-13.9925,-51.4079],[-13.2586,-50.8009]]},"properties":{"id":384,"source":8860,"mouth":8861,"parent":126,"basin":126,"widthFactor":0.76,"sourceWidth":0.06,"discharge":85,"name":"Ormstabrid","type":"Fork"}},{"type":"Feature","geometry":{"type":"LineString","coordinates":[[141.7555,-4.5095],[141.0977,-4.3177],[140.4116,-4.4657],[139.7482,-4.3418],[139.0438,-4.7515],[138.5527,-5.4188],[137.8909,-5.88],[137.9607,-4.7578],[137.7026,-3.6536],[137.7068,-2.535],[137.2257,-2.1768],[136.6121,-2.113],[136.1045,-1.8136],[136.3248,-1.0211],[136.2296,-0.1917],[136.3868,0.6082],[135.6709,0.1379],[135.1629,-0.5658],[134.4886,-1.0827],[133.8804,-1.1021],[133.3439,-1.4207],[132.75,-1.5],[132.1185,-1.9711],[131.7033,-2.6542],[131.115,-3.1677],[130.348,-4.0327],[129.8235,-5.0716],[129.105,-5.9714],[128.5437,-5.827],[127.9686,-5.9765],[127.4045,-5.8909],[126.562,-5.7335],[125.7082,-5.8077],[125.1054,-5.7044],[124.5068,-5.8295]]},"properties":{"id":385,"source":5926,"mouth":5917,"parent":385,"basin":385,"widthFactor":0.9119999999999999,"sourceWidth":0.06,"discharge":1205,"name":"Riofredo","type":"River"}},{"type":"Feature","geometry":{"type":"LineString","coordinates":[[156.5359,16.5314],[157.4802,16.4438],[158.4069,16.6967],[159.3477,16.6773],[160.2595,16.4555],[161.2032,16.5666],[162.1214,16.4114],[162.6854,16.5012],[163.1246,16.8948],[163.6636,17.0455]]},"properties":{"id":386,"source":4515,"mouth":4517,"parent":338,"basin":338,"widthFactor":0.76,"sourceWidth":0.08,"discharge":106,"name":"Niverroissoy","type":"River"}},{"type":"Feature","geometry":{"type":"LineString","coordinates":[[-130.5777,-24.12],[-129.7942,-23.9278],[-129.1468,-23.4229],[-128.3905,-23.1682],[-127.6216,-23.6753],[-126.7112,-23.8794],[-125.9141,-24.3259]]},"properties":{"id":387,"source":6915,"mouth":6916,"parent":387,"basin":387,"widthFactor":0.9119999999999999,"sourceWidth":0.05,"discharge":57,"name":"Wabingley","type":"River"}},{"type":"Feature","geometry":{"type":"LineString","coordinates":[[-103.0895,28.4836],[-102.7084,29.3717],[-102.6563,30.3487],[-102.3409,31.2545],[-101.6847,31.5833],[-101.2304,32.1788],[-100.6145,32.5609]]},"properties":{"id":390,"source":3770,"mouth":3441,"parent":390,"basin":390,"widthFactor":0.9119999999999999,"sourceWidth":0.05,"discharge":75,"name":"Inverstongor","type":"River"}},{"type":"Feature","geometry":{"type":"LineString","coordinates":[[89.3318,26.1655],[89.191,26.9151],[88.7318,27.5429],[88.5273,28.2682],[87.42,28.6524],[86.24,28.7102],[85.1182,29.0291],[85.6449,30.0044],[85.8662,31.1005],[86.3318,32.1],[87.1598,32.4966],[87.8087,33.1619],[88.6009,33.6123]]},"properties":{"id":391,"source":4009,"mouth":3534,"parent":391,"basin":391,"widthFactor":0.9119999999999999,"sourceWidth":0.04,"discharge":201,"name":"Porvema","type":"River"}},{"type":"Feature","geometry":{"type":"LineString","coordinates":[[167.7,-30.4773],[167.919,-30.9875],[168.4087,-31.2904],[168.6818,-31.7591],[168.2968,-32.2986],[168.2175,-32.9734],[167.8936,-33.54]]},"properties":{"id":392,"source":7373,"mouth":7527,"parent":418,"basin":418,"widthFactor":0.76,"sourceWidth":0.05,"discharge":59,"name":"Brides","type":"River"}},{"type":"Feature","geometry":{"type":"LineString","coordinates":[[130.1714,7.5464],[129.3036,7.5901],[128.4723,7.2949],[127.6118,7.2709],[127.2488,7.5498],[126.7684,7.5156],[126.3818,7.7318],[126.4423,8.6178],[126.1754,9.4775],[126.1705,10.3582]]},"properties":{"id":408,"source":5140,"mouth":5137,"parent":408,"basin":408,"widthFactor":0.9119999999999999,"sourceWidth":0.07,"discharge":91,"name":"Sergolico","type":"River"}},{"type":"Feature","geometry":{"type":"LineString","coordinates":[[-87.8182,46.3773],[-88.5361,46.0952],[-89.0751,45.5229],[-89.7573,45.1827],[-90.5384,45.6612],[-91.4508,45.8321],[-92.2582,46.2491],[-92.7988,46.1871],[-93.2243,45.8176],[-93.7418,45.6941],[-94.7435,45.7753],[-95.7296,45.5341],[-96.7282,45.5509]]},"properties":{"id":409,"source":2612,"mouth":2609,"parent":409,"basin":409,"widthFactor":0.9119999999999999,"sourceWidth":0.06,"discharge":123,"name":"Naursbotn","type":"River"}},{"type":"Feature","geometry":{"type":"LineString","coordinates":[[92.9605,-36.2864],[92.6695,-35.4739],[92.0798,-34.8256],[91.7291,-34.0459],[90.5762,-33.5552],[89.326,-33.3844],[88.1536,-32.9577],[88.4741,-32.0477],[88.4729,-31.0718],[88.7291,-30.1486],[88.5331,-29.3851],[88.0418,-28.752],[87.7868,-28.0145],[87.4524,-27.4341],[86.8779,-27.0616],[86.4955,-26.5227]]},"properties":{"id":411,"source":7787,"mouth":7332,"parent":411,"basin":411,"widthFactor":0.9119999999999999,"sourceWidth":0.05,"discharge":172,"name":"Louriranco","type":"River"}},{"type":"Feature","geometry":{"type":"LineString","coordinates":[[-120.7609,19.1441],[-121.2875,19.8312],[-122.0487,20.271],[-122.6223,20.9086],[-123.8425,20.9868],[-125.0474,20.7309],[-126.2645,20.7423],[-127.0588,21.2521],[-127.9902,21.4635],[-128.8118,21.9136]]},"properties":{"id":412,"source":4230,"mouth":4228,"parent":412,"basin":412,"widthFactor":0.9119999999999999,"sourceWidth":0.09,"discharge":93,"name":"Banvercrero","type":"River"}},{"type":"Feature","geometry":{"type":"LineString","coordinates":[[36.5523,61.1905],[37.7194,61.9819],[38.6687,63.0356],[39.7923,63.8795],[40.4191,63.7114],[41.0641,63.8772],[41.6945,63.7759],[42.473,63.9501],[43.128,64.4286],[43.8818,64.6636],[44.6499,64.6777],[45.358,65.0089],[46.1141,65.0864]]},"properties":{"id":413,"source":1744,"mouth":1443,"parent":413,"basin":413,"widthFactor":0.9119999999999999,"sourceWidth":0.05,"discharge":105,"name":"Pseinodes","type":"River"}},{"type":"Feature","geometry":{"type":"LineString","coordinates":[[-13.125,-45.8277],[-12.1147,-47.0658],[-10.8597,-48.0666],[-9.8005,-49.2573],[-9.7294,-50.0204],[-9.336,-50.695],[-9.2005,-51.4405]]},"properties":{"id":414,"source":8414,"mouth":8574,"parent":414,"basin":414,"widthFactor":0.9119999999999999,"sourceWidth":0.07,"discharge":88,"name":"Rothethambe","type":"River"}},{"type":"Feature","geometry":{"type":"LineString","coordinates":[[110.445,-34.1673],[111.4903,-33.9597],[112.4269,-33.429],[113.4505,-33.1568],[113.7247,-32.3252],[113.669,-31.4386],[113.8773,-30.5959],[114.408,-30.1938],[114.6926,-29.5742],[115.1741,-29.1286]]},"properties":{"id":416,"source":7651,"mouth":7499,"parent":416,"basin":416,"widthFactor":0.9119999999999999,"sourceWidth":0.05,"discharge":75,"name":"Malho","type":"River"}},{"type":"Feature","geometry":{"type":"LineString","coordinates":[[162.6,48.9409],[162.9457,48.3077],[163.5544,47.8916],[163.9527,47.3018],[163.8572,46.8672],[164.0948,46.4623],[164.0659,46.0336]]},"properties":{"id":417,"source":2395,"mouth":2563,"parent":417,"basin":417,"widthFactor":0.9119999999999999,"sourceWidth":0.05,"discharge":74,"name":"Ingny","type":"Brook"}},{"type":"Feature","geometry":{"type":"LineString","coordinates":[[167.2527,-31.6868],[167.3375,-32.3491],[167.7444,-32.9],[167.8936,-33.54],[167.8936,-33.6738],[167.8936,-33.54],[168.4897,-33.8881],[169.1944,-33.9262],[169.8123,-34.2123],[169.8528,-34.7698],[170.2011,-35.2301],[170.3032,-35.7682]]},"properties":{"id":418,"source":7525,"mouth":7678,"parent":418,"basin":418,"widthFactor":0.9119999999999999,"sourceWidth":0.09,"discharge":509,"name":"Azudora","type":"River"}},{"type":"Feature","geometry":{"type":"LineString","coordinates":[[155.8664,-46.7945],[156.5143,-46.1631],[156.8901,-45.3262],[157.4836,-44.6536],[158.5474,-44.7938],[159.6131,-44.5995],[160.6773,-44.6727]]},"properties":{"id":448,"source":8490,"mouth":8323,"parent":856,"basin":856,"widthFactor":0.76,"sourceWidth":0.05,"discharge":80,"name":"Adamilgarme","type":"River"}},{"type":"Feature","geometry":{"type":"LineString","coordinates":[[-47.1777,23.07],[-47.6401,23.1082],[-48.0295,22.8134],[-48.4773,22.785],[-49.0741,22.6817],[-49.5425,22.2696],[-50.1136,22.1045],[-50.4881,21.5132],[-50.5571,20.8014],[-50.8705,20.1859]]},"properties":{"id":449,"source":4113,"mouth":4111,"parent":449,"basin":449,"widthFactor":0.9119999999999999,"sourceWidth":0.07,"discharge":119,"name":"Thinduos","type":"River"}},{"type":"Feature","geometry":{"type":"LineString","coordinates":[[92.9005,-43.9568],[92.0663,-43.9929],[91.4801,-44.6604],[90.6955,-44.8227],[89.7108,-44.5362],[88.6832,-44.7524],[87.69,-44.5664],[87.2822,-44.3751],[86.8598,-44.6279],[86.4491,-44.5255],[86.1058,-43.5748],[85.4026,-42.8258],[84.9873,-41.9155],[84.8159,-41.3813],[84.3196,-41.0666],[84.0832,-40.5764],[83.64,-40.0593],[82.9718,-39.8451],[82.4836,-39.3886],[82.176,-38.8642],[81.6068,-38.5952],[81.2468,-38.1218],[81.1465,-37.0609],[80.6992,-36.0807],[80.5295,-35.0359]]},"properties":{"id":450,"source":8294,"mouth":7943,"parent":450,"basin":450,"widthFactor":0.9119999999999999,"sourceWidth":0.42,"discharge":536,"name":"Palveirares","type":"River"}},{"type":"Feature","geometry":{"type":"LineString","coordinates":[[62.2568,-3.1923],[63.2229,-3.1331],[64.1204,-2.74],[65.0727,-2.6141],[65.3359,-2.278],[65.2843,-1.8287],[65.4845,-1.47],[66.1379,-0.917],[66.5431,-0.1488],[67.1468,0.4473]]},"properties":{"id":451,"source":5735,"mouth":5586,"parent":255,"basin":255,"widthFactor":0.76,"sourceWidth":0.07,"discharge":92,"name":"Acaolis","type":"River"}},{"type":"Feature","geometry":{"type":"LineString","coordinates":[[-52.5041,-75.66],[-51.6111,-75.8367],[-50.7028,-75.6728],[-49.8068,-75.7814],[-49.5455,-77.1375],[-48.9636,-78.3988],[-48.6382,-79.7359],[-48.4407,-80.3703],[-47.9551,-80.8471],[-47.7,-81.45]]},"properties":{"id":453,"source":10115,"mouth":10274,"parent":453,"basin":453,"widthFactor":0.9119999999999999,"sourceWidth":0.09,"discharge":145,"name":"Quatburyme","type":"River"}},{"type":"Feature","geometry":{"type":"LineString","coordinates":[[152.6305,-10.5518],[151.6674,-11.3871],[150.954,-12.4546],[150.0409,-13.3364],[149.4206,-14.1421],[149.0897,-15.1153],[148.5273,-15.9545]]},"properties":{"id":454,"source":6233,"mouth":6397,"parent":532,"basin":856,"widthFactor":0.76,"sourceWidth":0.08,"discharge":81,"name":"Coudre","type":"River"}},{"type":"Feature","geometry":{"type":"LineString","coordinates":[[160.6936,45.1036],[160.2416,44.7604],[160.4083,44.1389],[160.08,43.74],[159.611,43.797],[159.3009,43.3751],[158.8636,43.3364],[158.4012,43.37],[158.0789,42.982],[157.6445,42.9314],[156.738,42.5363],[156.0569,41.7959],[155.1955,41.3318]]},"properties":{"id":457,"source":2723,"mouth":2899,"parent":506,"basin":506,"widthFactor":0.76,"sourceWidth":0.15,"discharge":179,"name":"Intratray","type":"River"}},{"type":"Feature","geometry":{"type":"LineString","coordinates":[[158.3864,2.8827],[158.8632,2.8555],[159.2616,3.16],[159.7227,3.1991],[159.8055,3.7706],[159.5552,4.3122],[159.5714,4.8777],[159.9908,5.9107],[160.0935,7.0305],[160.4495,8.0809],[161.0249,8.8297],[161.3198,9.7383],[161.8391,10.5191]]},"properties":{"id":476,"source":5477,"mouth":5152,"parent":338,"basin":338,"widthFactor":0.76,"sourceWidth":0.05,"discharge":126,"name":"Givraisemigny","type":"River"}},{"type":"Feature","geometry":{"type":"LineString","coordinates":[[73.38,43.8041],[74.4383,43.4425],[75.5667,43.4145],[76.6391,43.1195],[77.5164,44.184],[78.1163,45.4351],[78.9382,46.5368],[79.6629,46.6097],[80.2963,46.9981],[81.0027,47.1341]]},"properties":{"id":477,"source":2851,"mouth":2683,"parent":477,"basin":477,"widthFactor":0.9119999999999999,"sourceWidth":0.07,"discharge":97,"name":"Kolta","type":"River"}},{"type":"Feature","geometry":{"type":"LineString","coordinates":[[156.6805,25.4468],[157.3371,24.6974],[158.2169,24.2056],[158.9182,23.5077],[159.5645,23.0128],[160.3677,22.8131],[161.0455,22.3773],[161.7254,22.0442],[162.4964,22.0267],[163.1945,21.7568]]},"properties":{"id":478,"source":4032,"mouth":4036,"parent":478,"basin":478,"widthFactor":0.9119999999999999,"sourceWidth":0.05,"discharge":107,"name":"Ingnemou","type":"River"}},{"type":"Feature","geometry":{"type":"LineString","coordinates":[[28.4059,53.85],[27.8813,52.5302],[27.6841,51.1156],[27.225,49.7768],[26.793,49.4706],[26.6171,48.9493],[26.2364,48.6],[25.7508,47.5546],[25.5769,46.4057],[25.1536,45.3395]]},"properties":{"id":479,"source":2168,"mouth":2487,"parent":479,"basin":479,"widthFactor":0.9119999999999999,"sourceWidth":0.05,"discharge":73,"name":"Tronia","type":"River"}},{"type":"Feature","geometry":{"type":"LineString","coordinates":[[15.2564,31.6473],[15.9405,32.594],[16.3268,33.7068],[16.9514,34.6868],[17.8159,34.6235],[18.6532,34.8935],[19.5123,34.8968],[19.9408,34.3558],[20.5832,34.0639],[21.0545,33.5727],[21.7484,34.4076],[22.1712,35.4178],[22.8109,36.2877]]},"properties":{"id":480,"source":3497,"mouth":3326,"parent":480,"basin":480,"widthFactor":0.9119999999999999,"sourceWidth":0.05,"discharge":150,"name":"Smyrgos","type":"River"}},{"type":"Feature","geometry":{"type":"LineString","coordinates":[[148.845,34.3691],[149.6933,34.8067],[150.3436,35.5219],[151.1523,36.015],[151.4905,35.7646],[151.932,35.8323],[152.2909,35.6455],[152.6757,35.3383],[153.1894,35.3331],[153.6,35.0864],[154.0694,35.6699],[154.2562,36.4094],[154.6691,37.0241]]},"properties":{"id":481,"source":3389,"mouth":3392,"parent":506,"basin":506,"widthFactor":0.76,"sourceWidth":0.06,"discharge":131,"name":"Briarsonne","type":"River"}},{"type":"Feature","geometry":{"type":"LineString","coordinates":[[85.9732,12.9177],[86.4476,11.7659],[87.2212,10.7777],[87.7555,9.6586],[88.0836,9.1376],[88.6493,8.8521],[89.025,8.3782],[89.0625,7.878],[89.4097,7.4874],[89.5091,7.0091],[89.6313,6.267],[90.0582,5.6313],[90.2414,4.9105]]},"properties":{"id":482,"source":4797,"mouth":5121,"parent":482,"basin":482,"widthFactor":0.9119999999999999,"sourceWidth":0.07,"discharge":207,"name":"Lausula","type":"River"}},{"type":"Feature","geometry":{"type":"LineString","coordinates":[[151.92,48.3505],[152.8313,47.8563],[153.8643,47.6805],[154.8,47.25],[155.3556,46.8535],[156.0483,46.7619],[156.6314,46.4264],[155.9344,45.9906],[155.4537,45.3079],[154.8,44.8227],[154.0358,43.9501],[153.5366,42.8931],[152.8255,41.9836]]},"properties":{"id":483,"source":2553,"mouth":2721,"parent":506,"basin":506,"widthFactor":0.76,"sourceWidth":0.06,"discharge":189,"name":"Matereslouer","type":"Fork"}},{"type":"Feature","geometry":{"type":"LineString","coordinates":[[-64.4305,-36.2305],[-63.6264,-37.0397],[-62.6109,-37.5815],[-61.7645,-38.3373],[-61.1838,-38.8242],[-60.4367,-39.0211],[-59.8227,-39.45]]},"properties":{"id":485,"source":7716,"mouth":7873,"parent":485,"basin":485,"widthFactor":0.9119999999999999,"sourceWidth":0.09,"discharge":92,"name":"Vasvar","type":"River"}},{"type":"Feature","geometry":{"type":"LineString","coordinates":[[-81.0709,30.5209],[-81.3192,29.4661],[-81.2286,28.3756],[-81.4091,27.3136],[-81.7384,26.6946],[-81.7479,25.9777],[-82.0132,25.3391]]},"properties":{"id":486,"source":3629,"mouth":3784,"parent":486,"basin":486,"widthFactor":0.9119999999999999,"sourceWidth":0.06,"discharge":61,"name":"Rikalen","type":"River"}},{"type":"Feature","geometry":{"type":"LineString","coordinates":[[50.7723,-27.3995],[51.1457,-26.8895],[51.2071,-26.2421],[51.5182,-25.7045],[52.4723,-25.3452],[53.2684,-24.691],[54.1909,-24.2727]]},"properties":{"id":487,"source":7321,"mouth":7162,"parent":487,"basin":487,"widthFactor":0.9119999999999999,"sourceWidth":0.05,"discharge":49,"name":"Gadasibere","type":"River"}},{"type":"Feature","geometry":{"type":"LineString","coordinates":[[-128.1382,45.7473],[-128.523,45.1525],[-128.5912,44.431],[-128.9127,43.8109],[-129.0755,42.7701],[-128.9041,41.72],[-129,40.6773]]},"properties":{"id":488,"source":2595,"mouth":2757,"parent":488,"basin":488,"widthFactor":0.9119999999999999,"sourceWidth":0.05,"discharge":85,"name":"Kehldacher","type":"River"}},{"type":"Feature","geometry":{"type":"LineString","coordinates":[[-77.7409,-70.1182],[-77.6274,-69.585],[-77.8545,-69.0666],[-77.8091,-68.5364],[-77.4755,-68.2587],[-77.4247,-67.8025],[-77.1477,-67.4891]]},"properties":{"id":489,"source":9685,"mouth":9682,"parent":489,"basin":489,"widthFactor":0.9119999999999999,"sourceWidth":0.04,"discharge":54,"name":"Extedling","type":"River"}},{"type":"Feature","geometry":{"type":"LineString","coordinates":[[93.5045,16.7359],[93.9842,16.8889],[94.2761,17.3265],[94.7182,17.5364],[94.6829,18.5798],[94.3176,19.5692],[94.2164,20.6018]]},"properties":{"id":490,"source":4492,"mouth":4493,"parent":490,"basin":490,"widthFactor":0.9119999999999999,"sourceWidth":0.05,"discharge":55,"name":"Kumari","type":"Creek"}},{"type":"Feature","geometry":{"type":"LineString","coordinates":[[-144.0409,-8.7818],[-143.8599,-8.3878],[-144.0178,-7.9561],[-143.9045,-7.5545],[-143.62,-6.6904],[-143.665,-5.7696],[-143.4464,-4.8941]]},"properties":{"id":491,"source":5953,"mouth":5954,"parent":491,"basin":491,"widthFactor":0.9119999999999999,"sourceWidth":0.05,"discharge":59,"name":"Betham","type":"Brook"}},{"type":"Feature","geometry":{"type":"LineString","coordinates":[[60.5073,7.8082],[60.7131,8.0844],[60.5873,8.4394],[60.7268,8.7314],[61.8776,8.6085],[63.0253,8.8201],[64.1755,8.7641]]},"properties":{"id":492,"source":5101,"mouth":4950,"parent":492,"basin":492,"widthFactor":0.9119999999999999,"sourceWidth":0.04,"discharge":56,"name":"Cleoniaion","type":"River"}},{"type":"Feature","geometry":{"type":"LineString","coordinates":[[147.8836,42.6314],[148.6772,42.5316],[149.3221,43.0937],[150.0859,43.1264],[150.9214,42.5592],[151.9511,42.4577],[152.8255,41.9836],[152.8255,41.9836],[153.5717,41.6073],[154.4273,41.6286],[155.1955,41.3318],[154.8044,40.7754],[154.7774,40.0736],[154.4591,39.4882],[154.3787,38.654],[154.6743,37.8519],[154.6691,37.0241],[154.6691,37.0241],[154.8412,36.6141],[155.2268,36.3927],[155.5286,35.861],[156.0861,35.5654],[156.4391,35.0809],[157.4183,34.8632],[158.4256,34.9852],[159.4105,34.8355],[159.365,33.8462],[159.6525,32.8869],[159.6736,31.9036],[159.4965,31.4216],[159.5809,30.915],[159.4745,29.468],[159.6909,28.026],[159.6491,26.58],[159.482,26.2421],[159.5673,25.875],[160.254,25.2237],[161.1239,24.8256],[161.8473,24.225],[162.1883,23.3433],[162.7995,22.609],[163.1945,21.7568]]},"properties":{"id":506,"source":2894,"mouth":4034,"parent":506,"basin":506,"widthFactor":0.9119999999999999,"sourceWidth":0.48,"discharge":1552,"name":"Sersain","type":"River"}},{"type":"Feature","geometry":{"type":"LineString","coordinates":[[156.2495,-0.2114],[156.7741,-0.9055],[157.535,-1.3541],[158.1068,-1.9991],[157.8293,-2.8949],[157.882,-3.8432],[157.6705,-4.7495],[157.4214,-5.7447],[157.4984,-6.7781],[157.3145,-7.7809],[157.7259,-9.0392],[158.4328,-10.1677],[158.9032,-11.4],[158.9067,-12.0829],[159.2219,-12.7051],[159.2877,-13.3759],[158.8195,-13.8124],[158.6048,-14.4315],[158.1873,-14.9045],[158.1143,-16.0142],[158.3487,-17.1099],[158.3373,-18.2168],[157.6701,-19.1613],[157.2674,-20.2537],[156.6532,-21.2277],[157.1661,-21.8328],[157.8751,-22.2127],[158.4273,-22.7727],[158.3188,-23.2658],[158.5043,-23.7535],[158.4545,-24.2455],[158.6076,-24.8787],[158.9727,-25.4182],[158.2756,-25.877],[157.7291,-26.5077],[157.713,-27.7783],[157.9214,-29.0318]]},"properties":{"id":521,"source":5632,"mouth":7212,"parent":532,"basin":856,"widthFactor":0.76,"sourceWidth":0.07,"discharge":545,"name":"Utancabares","type":"River"}},{"type":"Feature","geometry":{"type":"LineString","coordinates":[[140.1955,-17.0864],[139.2209,-17.3121],[138.3679,-17.8564],[137.4177,-18.1459],[137.7414,-17.4214],[137.7411,-16.6139],[138,-15.8727],[138.0303,-14.8304],[137.7337,-13.82],[137.6986,-12.7841],[138.7231,-13.2941],[139.858,-13.5007],[140.9045,-13.95],[141.1645,-14.2623],[141.5927,-14.3052],[141.8864,-14.5636],[143.0136,-15.3106],[144.2887,-15.7822],[145.4455,-16.4741]]},"properties":{"id":522,"source":6558,"mouth":6392,"parent":532,"basin":856,"widthFactor":0.76,"sourceWidth":0.04,"discharge":274,"name":"Charre","type":"Fork"}},{"type":"Feature","geometry":{"type":"LineString","coordinates":[[161.3836,-25.335],[161.1706,-24.7938],[160.5152,-24.767],[160.2136,-24.3286],[159.6668,-24.5402],[159.4529,-25.1308],[158.9727,-25.4182]]},"properties":{"id":531,"source":7214,"mouth":7050,"parent":521,"basin":856,"widthFactor":0.76,"sourceWidth":0.15,"discharge":136,"name":"Huejas","type":"Branch"}},{"type":"Feature","geometry":{"type":"LineString","coordinates":[[149.5868,-26.1505],[149.6674,-27.176],[150.3863,-27.9718],[150.5945,-28.9514],[151.0321,-29.4773],[151.7451,-29.5804],[152.2377,-30.0218],[152.9775,-31.1707],[154.0565,-32.0326],[154.8641,-33.1241],[155.3632,-33.3184],[155.8861,-33.1008],[156.39,-33.2127],[156.9778,-33.2354],[157.4757,-32.8764],[158.0455,-32.8227],[157.9785,-34.1663],[158.288,-35.4862],[158.2964,-36.825],[158.5523,-37.5726],[159.1264,-38.1398],[159.4459,-38.8514]]},"properties":{"id":532,"source":7206,"mouth":7814,"parent":856,"basin":856,"widthFactor":0.76,"sourceWidth":1,"discharge":2587,"name":"Sopertuejas","type":"River"}},{"type":"Feature","geometry":{"type":"LineString","coordinates":[[23.3686,52.44],[23.1613,51.525],[23.2939,50.5838],[23.1545,49.6636],[22.7843,48.9899],[22.7306,48.2085],[22.4236,47.5132],[22.3299,47.0088],[22.5637,46.529],[22.5355,46.0295]]},"properties":{"id":540,"source":2166,"mouth":2485,"parent":540,"basin":540,"widthFactor":0.9119999999999999,"sourceWidth":0.05,"discharge":55,"name":"Enostias","type":"River"}},{"type":"Feature","geometry":{"type":"LineString","coordinates":[[30.7745,54.0859],[30.258,52.6402],[30.0714,51.1088],[29.6209,49.6459],[30.0127,48.9851],[30.658,48.5422],[31.1005,47.925],[30.8467,47.2757],[30.9159,46.5667],[30.7268,45.9055]]},"properties":{"id":541,"source":2169,"mouth":2490,"parent":541,"basin":541,"widthFactor":0.9119999999999999,"sourceWidth":0.07,"discharge":73,"name":"Lefka","type":"River"}},{"type":"Feature","geometry":{"type":"LineString","coordinates":[[103.1345,-30.1814],[103.5787,-29.9132],[103.7761,-29.4098],[104.1709,-29.0945],[104.8074,-28.1389],[105.1458,-27.0315],[105.7227,-26.0455],[105.8971,-25.144],[105.7435,-24.2269],[105.8523,-23.3223]]},"properties":{"id":542,"source":7495,"mouth":7182,"parent":542,"basin":542,"widthFactor":0.9119999999999999,"sourceWidth":0.05,"discharge":79,"name":"Cadosais","type":"River"}},{"type":"Feature","geometry":{"type":"LineString","coordinates":[[108.0614,-31.4345],[108.699,-30.0859],[109.0164,-28.6203],[109.59,-27.2482],[109.6689,-26.4992],[109.4142,-25.7749],[109.4264,-25.0309],[109.9188,-24.5228],[110.137,-23.8338],[110.5745,-23.2895]]},"properties":{"id":543,"source":7497,"mouth":7184,"parent":543,"basin":543,"widthFactor":0.9119999999999999,"sourceWidth":0.06,"discharge":75,"name":"Alveiradou","type":"River"}},{"type":"Feature","geometry":{"type":"LineString","coordinates":[[63.3436,-10.8886],[62.871,-11.4167],[62.6913,-12.1189],[62.2773,-12.6818],[61.303,-13.2448],[60.5292,-14.0753],[59.595,-14.6918]]},"properties":{"id":544,"source":6200,"mouth":6358,"parent":544,"basin":544,"widthFactor":0.9119999999999999,"sourceWidth":0.05,"discharge":97,"name":"Varosa","type":"River"}},{"type":"Feature","geometry":{"type":"LineString","coordinates":[[170.7886,25.7795],[170.8648,25.3291],[171.2449,25.0332],[171.3818,24.6136],[170.4792,24.0747],[169.7831,23.2729],[168.9218,22.6814]]},"properties":{"id":545,"source":4041,"mouth":4042,"parent":545,"basin":545,"widthFactor":0.9119999999999999,"sourceWidth":0.06,"discharge":68,"name":"Mevilleauve","type":"Brook"}},{"type":"Feature","geometry":{"type":"LineString","coordinates":[[-96.6641,-42.7786],[-97.4212,-42.9091],[-98.0617,-43.36],[-98.7955,-43.5545],[-99.2886,-42.9962],[-99.9886,-42.7007],[-100.5232,-42.195]]},"properties":{"id":546,"source":8198,"mouth":8197,"parent":546,"basin":546,"widthFactor":0.9119999999999999,"sourceWidth":0.05,"discharge":58,"name":"Sarkapolcalo","type":"River"}},{"type":"Feature","geometry":{"type":"LineString","coordinates":[[172.2,25.2682],[172.6266,24.9682],[173.1696,24.9886],[173.6195,24.7527],[173.8893,24.5155],[174.2482,24.5305]]},"properties":{"id":547,"source":4043,"mouth":4044,"parent":547,"basin":547,"widthFactor":0.9119999999999999,"sourceWidth":0.07,"discharge":82,"name":"Royersnoy","type":"Stream"}},{"type":"Feature","geometry":{"type":"LineString","coordinates":[[24.2045,-43.5682],[24.7428,-44.03],[25.4491,-44.1952],[26.0209,-44.5977],[26.4598,-44.6103],[26.806,-44.3016],[27.2264,-44.25],[27.8513,-44.14],[28.3537,-43.7254],[28.9541,-43.5545],[29.5287,-44.1765],[30.3043,-44.5458],[30.9191,-45.1173]]},"properties":{"id":578,"source":8082,"mouth":8264,"parent":23,"basin":23,"widthFactor":0.76,"sourceWidth":0.06,"discharge":176,"name":"Sunsuman","type":"River"}},{"type":"Feature","geometry":{"type":"LineString","coordinates":[[165.8891,-5.0755],[166.2229,-5.1537],[166.5082,-4.9636],[167.1897,-5.3659],[167.9901,-5.4557],[168.6955,-5.7955],[169.3691,-6.1781],[170.1541,-6.2519],[170.85,-6.5727]]},"properties":{"id":579,"source":5935,"mouth":5938,"parent":579,"basin":579,"widthFactor":0.9119999999999999,"sourceWidth":0.05,"discharge":147,"name":"Cadana","type":"River"}},{"type":"Feature","geometry":{"type":"LineString","coordinates":[[136.2709,-29.2814],[135.9007,-29.9562],[135.8537,-30.7394],[135.5482,-31.4359],[134.5255,-31.5783],[133.5914,-32.0431],[132.5864,-32.25],[132.025,-32.2409],[131.5352,-32.5523],[130.9882,-32.6073]]},"properties":{"id":583,"source":7353,"mouth":7510,"parent":583,"basin":583,"widthFactor":0.9119999999999999,"sourceWidth":0.09,"discharge":148,"name":"Cheroy","type":"River"}},{"type":"Feature","geometry":{"type":"LineString","coordinates":[[75.3764,-11.4014],[76.097,-12.1541],[77.0308,-12.6409],[77.7941,-13.3405],[77.6318,-14.2508],[77.8037,-15.1716],[77.7082,-16.0841],[77.4222,-16.833],[77.458,-17.6472],[77.2364,-18.4091]]},"properties":{"id":584,"source":6205,"mouth":6532,"parent":584,"basin":584,"widthFactor":0.9119999999999999,"sourceWidth":0.04,"discharge":94,"name":"Amalcanha","type":"River"}},{"type":"Feature","geometry":{"type":"LineString","coordinates":[[43.7414,56.2527],[44.2391,56.8551],[44.4402,57.6254],[44.8786,58.2614],[45.7244,58.0567],[46.5978,58.1853],[47.4491,58.0473],[48.1408,57.8721],[48.8532,58.0246],[49.5491,57.915],[49.7651,58.5051],[49.6616,59.1415],[49.8136,59.7409],[51.1993,59.9123],[52.5174,60.3939],[53.8895,60.6273]]},"properties":{"id":585,"source":2025,"mouth":1751,"parent":585,"basin":585,"widthFactor":0.9119999999999999,"sourceWidth":0.06,"discharge":113,"name":"Temnos","type":"River"}},{"type":"Feature","geometry":{"type":"LineString","coordinates":[[18.1582,53.9455],[18.703,52.6183],[19.5494,51.45],[20.1545,50.1545],[19.6889,49.4613],[19.5271,48.6284],[19.1223,47.9073]]},"properties":{"id":586,"source":2164,"mouth":2317,"parent":586,"basin":586,"widthFactor":0.9119999999999999,"sourceWidth":0.07,"discharge":93,"name":"Akros","type":"River"}},{"type":"Feature","geometry":{"type":"LineString","coordinates":[[-152.3277,48.3655],[-152.568,47.7807],[-152.4724,47.1374],[-152.6455,46.5409],[-152.296,46.1546],[-151.7645,46.0488],[-151.3786,45.7186]]},"properties":{"id":587,"source":2410,"mouth":2411,"parent":587,"basin":587,"widthFactor":0.9119999999999999,"sourceWidth":0.07,"discharge":69,"name":"Fisch","type":"River"}},{"type":"Feature","geometry":{"type":"LineString","coordinates":[[8.9945,36.8632],[9.4317,37.0156],[9.6669,37.4426],[10.0636,37.65],[9.9242,38.6913],[9.4617,39.6464],[9.2577,40.6705]]},"properties":{"id":588,"source":3156,"mouth":3157,"parent":588,"basin":588,"widthFactor":0.9119999999999999,"sourceWidth":0.05,"discharge":50,"name":"Domis","type":"Brook"}},{"type":"Feature","geometry":{"type":"LineString","coordinates":[[72.2932,-2.0577],[72.5602,-1.7179],[72.5063,-1.2629],[72.7091,-0.9],[72.6589,0.1328],[72.2796,1.1063],[72.1636,2.1273]]},"properties":{"id":589,"source":5739,"mouth":5591,"parent":589,"basin":589,"widthFactor":0.9119999999999999,"sourceWidth":0.07,"discharge":69,"name":"Panhoga","type":"Creek"}},{"type":"Feature","geometry":{"type":"LineString","coordinates":[[120.9764,45.0777],[120.6678,45.147],[120.4352,44.884],[120.1418,44.8868],[119.3682,44.4674],[118.7968,43.7817],[118.0636,43.3091]]},"properties":{"id":590,"source":2703,"mouth":2702,"parent":590,"basin":590,"widthFactor":0.9119999999999999,"sourceWidth":0.04,"discharge":58,"name":"Argos","type":"River"}},{"type":"Feature","geometry":{"type":"LineString","coordinates":[[-129.6886,-15.8345],[-129.3789,-16.1568],[-128.9071,-16.1791],[-128.565,-16.4414],[-127.4094,-16.0992],[-126.3837,-15.4488],[-125.2541,-15.045]]},"properties":{"id":591,"source":6428,"mouth":6429,"parent":591,"basin":591,"widthFactor":0.9119999999999999,"sourceWidth":0.05,"discharge":64,"name":"Harley","type":"River"}},{"type":"Feature","geometry":{"type":"LineString","coordinates":[[89.6455,29.1545],[89.616,29.6833],[89.2625,30.1061],[89.1682,30.6136],[89.1105,31.638],[88.7243,32.6003],[88.6009,33.6123]]},"properties":{"id":592,"source":3702,"mouth":3701,"parent":592,"basin":592,"widthFactor":0.9119999999999999,"sourceWidth":0.06,"discharge":63,"name":"Kylmikauru","type":"Creek"}},{"type":"Feature","geometry":{"type":"LineString","coordinates":[[130.8682,-16.7973],[130.1739,-17.0104],[129.6392,-17.5248],[128.9768,-17.7982],[128.202,-18.0027],[127.5654,-18.5118],[126.8182,-18.7773],[126.3441,-18.4817],[125.7666,-18.4978],[125.2718,-18.2645]]},"properties":{"id":635,"source":6552,"mouth":6714,"parent":655,"basin":655,"widthFactor":0.76,"sourceWidth":0.05,"discharge":92,"name":"Daterete","type":"River"}},{"type":"Feature","geometry":{"type":"LineString","coordinates":[[-65.4273,-42.2455],[-65.0237,-42.3449],[-64.6518,-42.1048],[-64.2545,-42.1364],[-62.9782,-41.9659],[-61.7802,-41.4704],[-60.5195,-41.235]]},"properties":{"id":637,"source":8040,"mouth":8039,"parent":637,"basin":637,"widthFactor":0.9119999999999999,"sourceWidth":0.05,"discharge":56,"name":"Dunsmouth","type":"River"}},{"type":"Feature","geometry":{"type":"LineString","coordinates":[[123.3818,-17.3727],[124.055,-17.1164],[124.5487,-16.5702],[125.1859,-16.2559],[125.0809,-16.9312],[125.31,-17.5921],[125.2718,-18.2645],[124.6918,-19.2685],[124.413,-20.4035],[123.8932,-21.4336]]},"properties":{"id":655,"source":6547,"mouth":6711,"parent":655,"basin":655,"widthFactor":0.9119999999999999,"sourceWidth":0.04,"discharge":314,"name":"Chainnes","type":"River"}},{"type":"Feature","geometry":{"type":"LineString","coordinates":[[130.3227,-9.7773],[129.8374,-9.2069],[129.137,-8.9011],[128.6086,-8.3836],[128.9051,-7.6065],[128.874,-6.762],[129.105,-5.9714]]},"properties":{"id":662,"source":6071,"mouth":6069,"parent":385,"basin":385,"widthFactor":0.76,"sourceWidth":0.05,"discharge":178,"name":"Henwich","type":"Creek"}},{"type":"Feature","geometry":{"type":"LineString","coordinates":[[132.5809,-21.8277],[131.7128,-21.7114],[130.8525,-21.9359],[129.9859,-21.8877],[129.0481,-21.9402],[128.1764,-22.3206],[127.2518,-22.4386],[126.5117,-23.1979],[126.0333,-24.1556],[125.3455,-24.9545]]},"properties":{"id":663,"source":6876,"mouth":7031,"parent":663,"basin":663,"widthFactor":0.9119999999999999,"sourceWidth":0.05,"discharge":85,"name":"Ruandonte","type":"River"}},{"type":"Feature","geometry":{"type":"LineString","coordinates":[[-91.7005,38.8623],[-92.8763,38.7418],[-93.9785,38.2884],[-95.1395,38.1014],[-95.5589,37.4433],[-95.6696,36.6565],[-96.0273,35.9727],[-96.368,35.4194],[-96.4001,34.7539],[-96.6791,34.1782]]},"properties":{"id":666,"source":3110,"mouth":3108,"parent":666,"basin":666,"widthFactor":0.9119999999999999,"sourceWidth":0.05,"discharge":75,"name":"Esvolhei","type":"River"}},{"type":"Feature","geometry":{"type":"LineString","coordinates":[[-119.5636,-55.0773],[-118.8705,-54.8809],[-118.3307,-54.38],[-117.6682,-54.1227],[-116.6851,-54.3144],[-115.6824,-54.1723],[-114.6955,-54.2973]]},"properties":{"id":667,"source":8821,"mouth":8823,"parent":667,"basin":667,"widthFactor":0.9119999999999999,"sourceWidth":0.07,"discharge":100,"name":"Southbume","type":"River"}},{"type":"Feature","geometry":{"type":"LineString","coordinates":[[164.0891,33.5386],[164.8232,33.5671],[165.4811,33.9278],[166.2,34.0227],[166.9733,33.6754],[167.8338,33.6509],[168.6245,33.3682]]},"properties":{"id":668,"source":3564,"mouth":3398,"parent":668,"basin":668,"widthFactor":0.9119999999999999,"sourceWidth":0.05,"discharge":75,"name":"Dambonne","type":"Creek"}},{"type":"Feature","geometry":{"type":"LineString","coordinates":[[-121.1632,-54.6532],[-120.473,-54.4572],[-119.9367,-53.9569],[-119.2773,-53.7],[-119.0058,-53.0973],[-119.0607,-52.4218],[-118.8545,-51.8045]]},"properties":{"id":669,"source":8819,"mouth":8820,"parent":669,"basin":669,"widthFactor":0.9119999999999999,"sourceWidth":0.08,"discharge":102,"name":"Yeoverton","type":"River"}},{"type":"Feature","geometry":{"type":"LineString","coordinates":[[-161.0182,-75.2182],[-160.6151,-74.5726],[-160.5288,-73.8012],[-160.1891,-73.1305],[-160.191,-72.806],[-160.4359,-72.5932]]},"properties":{"id":670,"source":9907,"mouth":9905,"parent":670,"basin":670,"widthFactor":0.9119999999999999,"sourceWidth":0.08,"discharge":105,"name":"Bretesham","type":"Creek"}},{"type":"Feature","geometry":{"type":"LineString","coordinates":[[-32.5118,7.005],[-32.436,7.6215],[-33.002,8.0183],[-33.0545,8.5909],[-33.2022,9.1551],[-33.7637,9.4304],[-33.9941,9.9368],[-34.5539,10.2995],[-35.2472,10.2384],[-35.8336,10.5164]]},"properties":{"id":717,"source":5061,"mouth":4905,"parent":717,"basin":717,"widthFactor":0.9119999999999999,"sourceWidth":0.87,"discharge":1061,"name":"Chorcarnve","type":"River"}},{"type":"Feature","geometry":{"type":"LineString","coordinates":[[-100.5286,-14.0605],[-101.2449,-13.6796],[-102.0683,-13.6225],[-102.8059,-13.3064],[-103.251,-12.8876],[-103.8663,-12.7567],[-104.3455,-12.3955]]},"properties":{"id":718,"source":6280,"mouth":6278,"parent":86,"basin":86,"widthFactor":0.76,"sourceWidth":0.07,"discharge":58,"name":"Arainvermain","type":"Brook"}},{"type":"Feature","geometry":{"type":"LineString","coordinates":[[39.0845,51.2291],[39.4587,50.3894],[40.1202,49.733],[40.5518,48.93],[39.6156,48.9948],[38.704,48.726],[37.7727,48.7241],[37.2788,47.5444],[37.0992,46.2696],[36.6682,45.0709],[36.2895,44.9811],[36.0505,44.6741]]},"properties":{"id":719,"source":2327,"mouth":2663,"parent":719,"basin":719,"widthFactor":0.9119999999999999,"sourceWidth":0.05,"discharge":119,"name":"Apithos","type":"River"}},{"type":"Feature","geometry":{"type":"LineString","coordinates":[[84.525,-50.2023],[84.2566,-51.2286],[84.3263,-52.2982],[84.1255,-53.3332],[84.509,-54.1068],[85.1655,-54.6873],[85.6036,-55.4223]]},"properties":{"id":720,"source":8765,"mouth":8905,"parent":720,"basin":720,"widthFactor":0.9119999999999999,"sourceWidth":0.04,"discharge":81,"name":"Ilburaoli","type":"River"}},{"type":"Feature","geometry":{"type":"LineString","coordinates":[[64.1864,44.3564],[64.2351,45.4978],[63.9438,46.6129],[63.9245,47.7491],[62.5896,47.7522],[61.2875,47.4225],[59.9591,47.3591],[59.6487,47.6421],[59.204,47.6255],[58.8668,47.8486]]},"properties":{"id":721,"source":2677,"mouth":2511,"parent":721,"basin":721,"widthFactor":0.9119999999999999,"sourceWidth":0.05,"discharge":80,"name":"Bhryma","type":"River"}},{"type":"Feature","geometry":{"type":"LineString","coordinates":[[165.7364,-22.5],[166.3676,-22.0689],[166.7594,-21.3951],[167.3427,-20.9155],[168.0708,-20.2687],[168.5446,-19.4048],[169.2218,-18.7145]]},"properties":{"id":722,"source":6899,"mouth":6898,"parent":722,"basin":722,"widthFactor":0.9119999999999999,"sourceWidth":0.07,"discharge":101,"name":"Villy","type":"River"}},{"type":"Feature","geometry":{"type":"LineString","coordinates":[[76.5545,-80.1545],[76.0369,-80.1018],[75.5747,-80.3855],[75.0682,-80.4],[74.5075,-80.5353],[74.0985,-80.9687],[73.5682,-81.1636]]},"properties":{"id":723,"source":10337,"mouth":10338,"parent":723,"basin":723,"widthFactor":0.9119999999999999,"sourceWidth":0.04,"discharge":45,"name":"Palgarval","type":"Creek"}},{"type":"Feature","geometry":{"type":"LineString","coordinates":[[54.4364,41.6318],[54.3454,42.2165],[53.9387,42.6725],[53.7845,43.2314],[53.2526,43.7312],[52.5403,43.9496],[51.9723,44.3932]]},"properties":{"id":725,"source":2842,"mouth":2841,"parent":725,"basin":725,"widthFactor":0.9119999999999999,"sourceWidth":0.05,"discharge":55,"name":"Kylossossos","type":"Creek"}},{"type":"Feature","geometry":{"type":"LineString","coordinates":[[-70.05,-78.4091],[-69.7193,-78.5941],[-69.3404,-78.4416],[-69,-78.5591],[-68.2426,-78.6176],[-67.5185,-78.3435],[-66.7677,-78.3355]]},"properties":{"id":726,"source":10107,"mouth":10106,"parent":726,"basin":726,"widthFactor":0.9119999999999999,"sourceWidth":0.05,"discharge":72,"name":"Towcescom","type":"Creek"}},{"type":"Feature","geometry":{"type":"LineString","coordinates":[[85.62,-32.6373],[84.8639,-32.2424],[84.0003,-32.1711],[83.2227,-31.8409],[82.1943,-31.1463],[81.0097,-30.7473],[79.95,-30.1118]]},"properties":{"id":778,"source":7641,"mouth":7487,"parent":778,"basin":778,"widthFactor":0.9119999999999999,"sourceWidth":0.04,"discharge":49,"name":"Forvo","type":"River"}},{"type":"Feature","geometry":{"type":"LineString","coordinates":[[80.3686,-5.8486],[80.9731,-5.1104],[81.2857,-4.1961],[81.8318,-3.4227],[81.9651,-2.7872],[81.764,-2.1519],[81.8305,-1.5164]]},"properties":{"id":781,"source":5900,"mouth":5744,"parent":781,"basin":781,"widthFactor":0.9119999999999999,"sourceWidth":0.05,"discharge":66,"name":"Linta","type":"Creek"}},{"type":"Feature","geometry":{"type":"LineString","coordinates":[[-139.6173,37.2955],[-139.1349,36.6865],[-138.4266,36.3329],[-137.8991,35.775],[-137.533,35.4234],[-137.0071,35.3656],[-136.6091,35.0727]]},"properties":{"id":782,"source":3082,"mouth":3253,"parent":782,"basin":782,"widthFactor":0.9119999999999999,"sourceWidth":0.05,"discharge":80,"name":"Fisch","type":"Brook"}},{"type":"Feature","geometry":{"type":"LineString","coordinates":[[8.3864,54.2045],[8.0426,54.3225],[7.7173,54.1001],[7.3773,54.15],[6.9881,53.7331],[6.89,53.1516],[6.5591,52.7018],[6.3514,52.059],[6.4698,51.3778],[6.3273,50.7273]]},"properties":{"id":783,"source":2010,"mouth":2157,"parent":783,"basin":783,"widthFactor":0.9119999999999999,"sourceWidth":0.05,"discharge":79,"name":"Leinion","type":"River"}},{"type":"Feature","geometry":{"type":"LineString","coordinates":[[-87.6491,-43.6173],[-88.0617,-44.4022],[-88.1519,-45.2975],[-88.5,-46.1045],[-88.2779,-47.1634],[-87.7395,-48.1137],[-87.4541,-49.1509]]},"properties":{"id":784,"source":8203,"mouth":8376,"parent":784,"basin":784,"widthFactor":0.9119999999999999,"sourceWidth":0.06,"discharge":75,"name":"Banyver","type":"River"}},{"type":"Feature","geometry":{"type":"LineString","coordinates":[[79.245,-45.3027],[78.642,-45.6341],[78.259,-46.2257],[77.7,-46.6091],[77.2585,-46.0369],[76.5946,-45.7145],[76.1086,-45.1923]]},"properties":{"id":785,"source":8455,"mouth":8456,"parent":785,"basin":785,"widthFactor":0.9119999999999999,"sourceWidth":0.04,"discharge":52,"name":"Queceira","type":"Brook"}},{"type":"Feature","geometry":{"type":"LineString","coordinates":[[-15.87,63.9682],[-15.658,64.709],[-15.7851,65.4841],[-15.6409,66.2318],[-14.9127,66.552],[-14.3686,67.1513],[-13.6773,67.5273]]},"properties":{"id":786,"source":1569,"mouth":1237,"parent":786,"basin":786,"widthFactor":0.9119999999999999,"sourceWidth":0.05,"discharge":34,"name":"Westcking","type":"Brook"}},{"type":"Feature","geometry":{"type":"LineString","coordinates":[[-131.7136,16.2273],[-132.214,16.0202],[-132.5089,15.5411],[-132.9682,15.2795],[-133.5969,14.6816],[-133.9606,13.8797],[-134.5364,13.2409]]},"properties":{"id":787,"source":4383,"mouth":4537,"parent":787,"basin":787,"widthFactor":0.9119999999999999,"sourceWidth":0.05,"discharge":52,"name":"Carardhe","type":"River"}},{"type":"Feature","geometry":{"type":"LineString","coordinates":[[158.25,-41.0591],[158.5681,-41.7491],[159.3603,-41.9538],[159.7732,-42.5468],[159.8888,-43.3344],[160.4688,-43.9246],[160.6773,-44.6727],[160.8108,-45.4464],[161.3537,-46.0473],[161.5691,-46.7864],[162.2763,-47.0937],[163.0632,-46.9963],[163.7864,-47.2227],[164.1982,-46.6328],[164.2475,-45.8938],[164.5868,-45.2741]]},"properties":{"id":856,"source":8146,"mouth":8494,"parent":856,"basin":856,"widthFactor":0.9119999999999999,"sourceWidth":1,"discharge":3584,"name":"Yeblena","type":"River"}},{"type":"Feature","geometry":{"type":"LineString","coordinates":[[50.8786,53.6114],[51.2024,52.9604],[51.977,52.8164],[52.3909,52.2668],[53.0748,52.2405],[53.6285,52.7016],[54.2864,52.7727],[54.9613,52.7707],[55.5205,53.1976],[56.1723,53.2814],[56.863,53.0637],[57.5849,53.2573],[58.2818,53.1218]]},"properties":{"id":858,"source":2179,"mouth":2182,"parent":858,"basin":858,"widthFactor":0.9119999999999999,"sourceWidth":0.22,"discharge":252,"name":"Manticos","type":"River"}},{"type":"Feature","geometry":{"type":"LineString","coordinates":[[125.0182,-11.2364],[125.1536,-10.6625],[124.9482,-10.0892],[125.0155,-9.5155],[124.8766,-9.1145],[124.4724,-8.9171],[124.2805,-8.5568]]},"properties":{"id":859,"source":6221,"mouth":6220,"parent":859,"basin":859,"widthFactor":0.9119999999999999,"sourceWidth":0.09,"discharge":84,"name":"Feins","type":"Creek"}},{"type":"Feature","geometry":{"type":"LineString","coordinates":[[165.4391,-52.3159],[166.1511,-52.2413],[166.7637,-51.8407],[167.4559,-51.7009],[168.2107,-51.4733],[168.816,-50.9465],[169.5409,-50.6591]]},"properties":{"id":860,"source":8804,"mouth":8805,"parent":860,"basin":860,"widthFactor":0.9119999999999999,"sourceWidth":0.05,"discharge":71,"name":"Cinotos","type":"Stream"}},{"type":"Feature","geometry":{"type":"LineString","coordinates":[[99,10.7455],[99.3923,10.3185],[99.9743,10.1748],[100.4045,9.8045],[100.4765,9.2577],[100.8595,8.8336],[100.9936,8.3114]]},"properties":{"id":861,"source":4804,"mouth":4969,"parent":861,"basin":861,"widthFactor":0.9119999999999999,"sourceWidth":0.05,"discharge":50,"name":"Esmakinen","type":"Creek"}},{"type":"Feature","geometry":{"type":"LineString","coordinates":[[-132.3532,-60.3436],[-132.8405,-60.3387],[-133.2357,-60.662],[-133.7045,-60.7227],[-134.2298,-61.3957],[-134.4624,-62.2306],[-134.9291,-62.9359]]},"properties":{"id":934,"source":9225,"mouth":9224,"parent":934,"basin":934,"widthFactor":0.9119999999999999,"sourceWidth":0.04,"discharge":57,"name":"Draxtedmin","type":"Creek"}},{"type":"Feature","geometry":{"type":"LineString","coordinates":[[44.6086,-66.4923],[45.0419,-67.1826],[45.7295,-67.646],[46.2136,-68.2909],[47.1468,-68.4474],[48.088,-68.2695],[49.0227,-68.3591]]},"properties":{"id":996,"source":9601,"mouth":9602,"parent":996,"basin":996,"widthFactor":0.9119999999999999,"sourceWidth":0.09,"discharge":157,"name":"Dalborpor","type":"River"}},{"type":"Feature","geometry":{"type":"LineString","coordinates":[[59.1273,-20.1409],[59.5634,-19.8967],[59.7581,-19.4119],[60.1459,-19.1195],[61.0883,-19.4727],[62.1054,-19.4998],[63.0627,-19.7877]]},"properties":{"id":997,"source":6684,"mouth":6683,"parent":997,"basin":997,"widthFactor":0.9119999999999999,"sourceWidth":0.07,"discharge":81,"name":"Yakeki","type":"Creek"}},{"type":"Feature","geometry":{"type":"LineString","coordinates":[[-87.1227,-66.7364],[-87.2035,-66.1414],[-87.6028,-65.6679],[-87.7473,-65.0973],[-88.1975,-64.5996],[-88.846,-64.3711],[-89.3359,-63.9273]]},"properties":{"id":999,"source":9391,"mouth":9390,"parent":999,"basin":999,"widthFactor":0.9119999999999999,"sourceWidth":0.06,"discharge":109,"name":"Berkere","type":"Creek"}},{"type":"Feature","geometry":{"type":"LineString","coordinates":[[155.8773,-62.9591],[156.3795,-62.9619],[156.7909,-62.6361],[157.275,-62.5732],[158.0581,-62.7939],[158.8778,-62.6822],[159.6682,-62.8364]]},"properties":{"id":1000,"source":9342,"mouth":9341,"parent":1000,"basin":1000,"widthFactor":0.9119999999999999,"sourceWidth":0.05,"discharge":64,"name":"Lovemilla","type":"Creek"}},{"type":"Feature","geometry":{"type":"LineString","coordinates":[[103.65,-78.8727],[103.8607,-78.4589],[103.7356,-77.9865],[103.8791,-77.5609],[104.247,-76.92],[104.2997,-76.1677],[104.6045,-75.5045]]},"properties":{"id":1001,"source":10189,"mouth":10187,"parent":1001,"basin":1001,"widthFactor":0.9119999999999999,"sourceWidth":0.04,"discharge":62,"name":"Brado","type":"Brook"}}]}