{"type":"FeatureCollection","features":[{"type":"Feature","geometry":{"type":"LineString","coordinates":[[48.7214,41.6959],[47.2009,41.1368],[45.3205,38.805],[43.05,37.8286],[41.2623,37.8068],[38.58,37.6445],[36.7895,36.1309],[35.4423,35.3318],[34.5955,33.2918],[34.3268,31.7018],[33.5455,30.7091],[32.2568,30.3136],[30.9955,30.6409],[29.7218,30.9736],[27.3109,31.0377],[25.8259,30.9505],[24.1759,31.5955],[22.5845,32.2514],[20.9182,33.7091],[19.59,34.9745],[18.0545,36.2864],[16.6323,37.2409],[15.3,37.3364],[14.0795,37.6255],[12.9355,38.5459]]},"properties":{"id":0,"group":"roads","name":null}},{"type":"Feature","geometry":{"type":"LineString","coordinates":[[33.7732,-46.3964],[32.7995,-45.5809],[33.0245,-44.6741],[33.8045,-43.8682],[35.1436,-43.1727],[36.24,-40.2191],[37.4632,-39.6614],[38.9782,-38.3414],[39.5482,-36.9968],[39.585,-34.1945],[40.7482,-31.5477],[39.5086,-28.2859],[41.0468,-26.8964],[42.4732,-22.8723],[45.3886,-22.62],[47.2309,-23.7382],[51.8782,-23.4109]]},"properties":{"id":1,"group":"roads","name":null}},{"type":"Feature","geometry":{"type":"LineString","coordinates":[[87.2905,32.955],[86.6373,34.0773],[82.8832,34.2968],[82.5832,32.0945],[81.9314,31.8927],[80.5268,30.4786],[78.0614,29.0659],[76.1768,27.9655],[74.07,26.9482],[71.3645,27.0818],[67.7714,28.3718],[66.165,28.3445],[63.0818,27.9205],[61.2286,29.7505],[60.6,31.7045],[59.97,33.6464],[58.4455,34.9636],[56.9305,36.2795],[56.1136,37.5409],[55.3091,38.8132],[55.0868,40.0255],[54.4077,41.6032],[53.3182,42.555],[51.7636,42.8318],[50.1682,43.7182],[48.7214,41.6959]]},"properties":{"id":2,"group":"roads","name":null}},{"type":"Feature","geometry":{"type":"LineString","coordinates":[[45.3205,38.805],[45.7555,35.8227],[45.9859,32.8595],[47.0114,32.5405],[46.7305,29.3673],[48.2318,27.2905],[48.7418,26.085],[48.6041,24.1595],[48.5959,22.3009],[48.2427,19.8082],[47.2909,18.3],[45.8836,17.4627],[44.0318,17.2909],[41.8091,16.4045],[40.8655,15.7705],[40.5205,14.8418],[40.2177,13.8968],[39.1582,12.7895],[38.9864,11.4545],[39.0955,10.0486],[40.0582,8.7518],[39.8591,6.6832],[41.3318,5.0686],[42.4009,3.6205],[44.5718,2.2964],[47.2486,1.7945],[48.7595,0.4282],[50.4914,-0.5973],[52.125,-2.3836],[52.9582,-5.5295],[53.9155,-8.8841],[52.47,-11.3359],[52.005,-12.9041],[52.3364,-14.6727],[52.3964,-16.7182],[52.1195,-17.88],[52.8245,-21.3736],[52.0555,-22.1414],[51.8782,-23.4109]]},"properties":{"id":3,"group":"roads","name":null}},{"type":"Feature","geometry":{"type":"LineString","coordinates":[[-26.7286,1.9732],[-26.1491,3.0409],[-26.6045,4.0323],[-26.1,5.8773],[-22.6936,5.6795]]},"properties":{"id":4,"group":"trails","name":null}},{"type":"Feature","geometry":{"type":"LineString","coordinates":[[-20.9018,-11.4014],[-20.2432,-9.42],[-20.8527,-6.9832],[-20.8391,-4.6991],[-21.7145,-3.7023],[-23.8623,-2.5405],[-26.7286,1.9732],[-27.7459,1.4277],[-28.8068,2.0318],[-31.0282,2.64],[-32.3686,1.8041],[-33.5073,-0.5236],[-36.0477,0.4418],[-39.0341,-0.4745],[-41.8609,-0.2509],[-41.6727,2.0905],[-40.7645,4.2314],[-42.8836,6.4473],[-41.4027,10.1523]]},"properties":{"id":5,"group":"trails","name":null}},{"type":"Feature","geometry":{"type":"LineString","coordinates":[[-33.0027,7.8777],[-33.435,7.2518],[-35.7818,9.4909]]},"properties":{"id":6,"group":"trails","name":null}},{"type":"Feature","geometry":{"type":"LineString","coordinates":[[-14.34,-7.0036],[-16.2041,-8.0168],[-18.4118,-8.2555],[-20.2432,-9.42]]},"properties":{"id":7,"group":"trails","name":null}},{"type":"Feature","geometry":{"type":"LineString","coordinates":[[-20.5786,4.7823],[-22.6936,5.6795],[-26.6045,4.0323]]},"properties":{"id":8,"group":"trails","name":null}},{"type":"Feature","geometry":{"type":"LineString","coordinates":[[-14.34,-7.0036],[-12.855,-6.9409],[-11.5664,-7.6636],[-9.885,-7.9023],[-8.8636,-8.7177],[-7.3582,-10.5627],[-6.6873,-13.2709],[-5.9495,-15.4309],[-4.0405,-16.1714],[-2.8255,-17.265],[-2.5636,-18.8727],[-2.2895,-20.4736],[-2.5309,-22.2041],[-1.8273,-23.6182],[-1.8464,-25.4032],[-0.7091,-27.1909],[-0.7609,-29.5064],[-0.8714,-30.45],[-1.5709,-32.2936],[-1.6064,-33.2045]]},"properties":{"id":9,"group":"trails","name":null}},{"type":"Feature","geometry":{"type":"LineString","coordinates":[[-37.0855,6.9955],[-35.7818,9.4909]]},"properties":{"id":10,"group":"trails","name":null}},{"type":"Feature","geometry":{"type":"LineString","coordinates":[[-9.6218,-4.9405],[-11.5664,-7.6636]]},"properties":{"id":11,"group":"trails","name":null}},{"type":"Feature","geometry":{"type":"LineString","coordinates":[[-6.1636,-0.0614],[-7.1741,-2.2745],[-9.6218,-4.9405]]},"properties":{"id":12,"group":"trails","name":null}},{"type":"Feature","geometry":{"type":"LineString","coordinates":[[-37.0855,6.9955],[-38.5814,7.9623],[-41.4027,10.1523],[-42.6341,11.9441],[-44.5214,9.9764],[-45.5823,9.7377],[-49.02,11.5241],[-47.3727,13.7864]]},"properties":{"id":13,"group":"trails","name":null}},{"type":"Feature","geometry":{"type":"LineString","coordinates":[[-40.7645,4.2314],[-38.5814,7.9623]]},"properties":{"id":14,"group":"trails","name":null}},{"type":"Feature","geometry":{"type":"LineString","coordinates":[[-33.0027,7.8777],[-31.9514,8.7941],[-30.5741,9.0286],[-29.1545,9.6136],[-28.0227,9.555],[-27.1773,8.8636],[-26.6209,7.5395],[-26.1,5.8773]]},"properties":{"id":15,"group":"trails","name":null}},{"type":"Feature","geometry":{"type":"LineString","coordinates":[[-42.0668,-2.4723],[-44.4355,-3.7364],[-46.0309,-2.0714],[-46.3009,-0.57],[-49.44,-0.5332],[-51.105,1.5191],[-52.1155,1.2123],[-53.0291,1.3923],[-55.4795,-0.1118],[-55.86,1.3227],[-55.4045,5.3877],[-56.7518,6.1936],[-59.265,8.0741],[-61.4891,7.8982],[-64.1114,10.1673],[-67.0241,10.7509],[-67.7114,11.6373],[-69.5591,13.4182],[-70.1755,15.645],[-71.6441,15.6436],[-72.7527,18.5141]]},"properties":{"id":16,"group":"trails","name":null}},{"type":"Feature","geometry":{"type":"LineString","coordinates":[[-42.0668,-2.4723],[-41.8609,-0.2509]]},"properties":{"id":17,"group":"trails","name":null}},{"type":"Feature","geometry":{"type":"LineString","coordinates":[[-46.0105,5.7068],[-42.8836,6.4473]]},"properties":{"id":18,"group":"trails","name":null}},{"type":"Feature","geometry":{"type":"LineString","coordinates":[[-46.3009,-0.57],[-44.925,-0.1759],[-41.8609,-0.2509]]},"properties":{"id":19,"group":"trails","name":null}},{"type":"Feature","geometry":{"type":"LineString","coordinates":[[-45.3341,-9.8577],[-43.5927,-9.5782],[-42.2945,-8.1668],[-43.3309,-7.5068],[-44.4355,-3.7364]]},"properties":{"id":20,"group":"trails","name":null}},{"type":"Feature","geometry":{"type":"LineString","coordinates":[[-41.4205,-14.2405],[-42.7541,-12.6218],[-43.5927,-9.5782]]},"properties":{"id":21,"group":"trails","name":null}},{"type":"Feature","geometry":{"type":"LineString","coordinates":[[-12.9409,16.3582],[-11.6045,16.9364],[-10.2791,17.5241],[-9.2045,17.1668],[-8.3727,16.1727],[-7.6527,14.6918],[-5.6059,13.6664],[-3.1841,13.8573]]},"properties":{"id":22,"group":"trails","name":null}},{"type":"Feature","geometry":{"type":"LineString","coordinates":[[-33.0027,7.8777],[-33.9941,9.9368],[-33.6,11.3318],[-33.5223,12.6164],[-34.1045,13.6636],[-35.0155,14.5827],[-36.0818,15.6682],[-37.14,16.7605],[-38.8909,16.8136],[-39.075,18.4336]]},"properties":{"id":23,"group":"trails","name":null}},{"type":"Feature","geometry":{"type":"LineString","coordinates":[[-46.0105,5.7068],[-45.7364,6.8836],[-45.5823,9.7377]]},"properties":{"id":24,"group":"trails","name":null}},{"type":"Feature","geometry":{"type":"LineString","coordinates":[[-15.6668,24.2973],[-13.8218,27.3177],[-11.7723,27.0859],[-10.5327,26.1505],[-7.845,25.3691],[-8.2827,27.81],[-7.7305,29.7859],[-6.8427,31.5491],[-5.5077,32.4027],[-3.8182,32.8527],[-0.2441,33.2005],[-0.6191,35.0891],[-2.0591,36.5318],[-3.5073,37.9868],[-3.6818,39.4364],[-3.8645,40.8777],[-3.6559,42.0082],[-3.9545,42.9545],[-4.9541,44.4805],[-6.5673,44.235],[-7.8177,44.3905],[-8.6823,43.965],[-10.5218,41.9386],[-11.3905,41.2595],[-13.4059,40.1618],[-14.565,39.15],[-14.6618,37.725],[-14.1886,36.8305],[-13.155,35.1586],[-12.4936,31.755]]},"properties":{"id":25,"group":"trails","name":null}},{"type":"Feature","geometry":{"type":"LineString","coordinates":[[-49.2395,-7.455],[-48.075,-6.5673],[-46.6173,-6.3095],[-44.4355,-3.7364]]},"properties":{"id":26,"group":"trails","name":null}},{"type":"Feature","geometry":{"type":"LineString","coordinates":[[-44.7327,-15.5127],[-42.7541,-12.6218]]},"properties":{"id":27,"group":"trails","name":null}},{"type":"Feature","geometry":{"type":"LineString","coordinates":[[-14.0877,31.2518],[-16.0677,28.1495],[-13.8218,27.3177]]},"properties":{"id":28,"group":"trails","name":null}},{"type":"Feature","geometry":{"type":"LineString","coordinates":[[-18.7405,29.6305],[-17.8364,28.0159],[-16.0677,28.1495]]},"properties":{"id":29,"group":"trails","name":null}},{"type":"Feature","geometry":{"type":"LineString","coordinates":[[-24.5441,29.9877],[-20.7627,29.4082],[-18.7405,29.6305]]},"properties":{"id":30,"group":"trails","name":null}},{"type":"Feature","geometry":{"type":"LineString","coordinates":[[-46.0105,5.7068],[-49.3936,6.8236],[-51.7377,7.8082]]},"properties":{"id":31,"group":"trails","name":null}},{"type":"Feature","geometry":{"type":"LineString","coordinates":[[-50.8718,-3.2959],[-49.44,-0.5332]]},"properties":{"id":32,"group":"trails","name":null}},{"type":"Feature","geometry":{"type":"LineString","coordinates":[[-49.02,11.5241],[-49.9923,9.1964],[-51.7377,7.8082]]},"properties":{"id":33,"group":"trails","name":null}},{"type":"Feature","geometry":{"type":"LineString","coordinates":[[-47.1477,18.8359],[-44.5009,19.0786],[-42.3545,19.0091],[-40.1959,18.9518],[-39.075,18.4336]]},"properties":{"id":34,"group":"trails","name":null}},{"type":"Feature","geometry":{"type":"LineString","coordinates":[[-50.97,12.5318],[-49.02,11.5241]]},"properties":{"id":35,"group":"trails","name":null}},{"type":"Feature","geometry":{"type":"LineString","coordinates":[[-50.8718,-3.2959],[-51.675,-4.9023],[-54.1568,-2.9141],[-54.5509,-1.5245],[-55.4795,-0.1118]]},"properties":{"id":36,"group":"trails","name":null}},{"type":"Feature","geometry":{"type":"LineString","coordinates":[[-45.3341,-9.8577],[-46.7591,-8.4232],[-49.2395,-7.455]]},"properties":{"id":37,"group":"trails","name":null}},{"type":"Feature","geometry":{"type":"LineString","coordinates":[[-29.535,34.7277],[-27.5891,32.7273],[-25.5395,29.5255],[-24.5441,29.9877]]},"properties":{"id":38,"group":"trails","name":null}},{"type":"Feature","geometry":{"type":"LineString","coordinates":[[-51.8345,-11.0864],[-50.1123,-9.7595],[-49.2395,-7.455]]},"properties":{"id":39,"group":"trails","name":null}},{"type":"Feature","geometry":{"type":"LineString","coordinates":[[-48.075,-6.5673],[-51.675,-4.9023]]},"properties":{"id":40,"group":"trails","name":null}},{"type":"Feature","geometry":{"type":"LineString","coordinates":[[-17.9441,33.4677],[-18.7405,29.6305]]},"properties":{"id":41,"group":"trails","name":null}},{"type":"Feature","geometry":{"type":"LineString","coordinates":[[-17.9441,33.4677],[-16.2709,33.0532],[-14.0877,31.2518],[-12.4936,31.755],[-11.2268,31.0773],[-7.7305,29.7859]]},"properties":{"id":42,"group":"trails","name":null}},{"type":"Feature","geometry":{"type":"LineString","coordinates":[[-35.0155,14.5827],[-33.5482,14.9823],[-30.8714,15.3177],[-28.8041,15.9873],[-27.8005,16.515],[-26.5186,19.7045],[-26.8555,21.9627],[-26.9836,23.2173],[-26.4559,24.6518],[-26.6836,26.5895],[-25.5395,29.5255]]},"properties":{"id":43,"group":"trails","name":null}},{"type":"Feature","geometry":{"type":"LineString","coordinates":[[-27.5891,32.7273],[-31.9527,31.9336],[-29.535,34.7277],[-30.54,35.7518],[-30.7227,37.3718],[-33.135,37.1836],[-35.2418,37.0582]]},"properties":{"id":44,"group":"trails","name":null}},{"type":"Feature","geometry":{"type":"LineString","coordinates":[[-55.4045,5.3877],[-54.2891,5.9605],[-53.5255,7.1386],[-51.7377,7.8082]]},"properties":{"id":45,"group":"trails","name":null}},{"type":"Feature","geometry":{"type":"LineString","coordinates":[[-47.13,23.0223],[-48.5645,22.6977],[-50.8636,24.9409],[-50.1232,27.1432],[-50.7477,29.4273],[-49.3759,29.3141],[-45.2659,31.0432],[-42.9382,32.685],[-40.9023,34.8627],[-38.7,35.8445],[-35.2418,37.0582]]},"properties":{"id":46,"group":"trails","name":null}},{"type":"Feature","geometry":{"type":"LineString","coordinates":[[-57.5959,-6.4555],[-54.7282,-4.7932],[-54.1568,-2.9141]]},"properties":{"id":47,"group":"trails","name":null}},{"type":"Feature","geometry":{"type":"LineString","coordinates":[[-55.86,1.3227],[-59.3877,1.3732],[-62.2077,2.9945],[-63.5632,5.2309],[-65.9877,6.7595],[-65.2159,7.5082],[-64.1114,10.1673]]},"properties":{"id":48,"group":"trails","name":null}},{"type":"Feature","geometry":{"type":"LineString","coordinates":[[-47.1477,18.8359],[-47.8159,20.9877],[-48.5645,22.6977]]},"properties":{"id":49,"group":"trails","name":null}},{"type":"Feature","geometry":{"type":"LineString","coordinates":[[-17.9441,33.4677],[-18.63,36.3]]},"properties":{"id":50,"group":"trails","name":null}},{"type":"Feature","geometry":{"type":"LineString","coordinates":[[-27.5891,32.7273],[-26.6714,33.3286],[-24.6273,33.4377],[-23.445,35.0673],[-23.13,38.1027],[-20.4859,37.2436],[-18.63,36.3]]},"properties":{"id":51,"group":"trails","name":null}},{"type":"Feature","geometry":{"type":"LineString","coordinates":[[-56.7518,6.1936],[-58.4823,4.6132],[-59.3877,1.3732]]},"properties":{"id":52,"group":"trails","name":null}},{"type":"Feature","geometry":{"type":"LineString","coordinates":[[-51.8345,-11.0864],[-53.8132,-11.6468],[-56.9005,-9.9995],[-56.7464,-8.4982],[-57.5959,-6.4555]]},"properties":{"id":53,"group":"trails","name":null}},{"type":"Feature","geometry":{"type":"LineString","coordinates":[[-55.9936,-15.4841],[-57.0082,-13.1836],[-56.9005,-9.9995]]},"properties":{"id":54,"group":"trails","name":null}},{"type":"Feature","geometry":{"type":"LineString","coordinates":[[-23.13,38.1027],[-23.4136,39.3559],[-25.4768,41.2977],[-26.0291,43.3023],[-25.7645,44.8064],[-26.7109,47.1968]]},"properties":{"id":55,"group":"trails","name":null}},{"type":"Feature","geometry":{"type":"LineString","coordinates":[[-54.9205,22.3555],[-53.0564,22.8927],[-50.8636,24.9409]]},"properties":{"id":56,"group":"trails","name":null}},{"type":"Feature","geometry":{"type":"LineString","coordinates":[[-54.9205,22.3555],[-55.815,22.4891],[-58.2286,25.7523],[-60.0436,28.2436]]},"properties":{"id":57,"group":"trails","name":null}},{"type":"Feature","geometry":{"type":"LineString","coordinates":[[-59.265,8.0741],[-56.2064,10.5368]]},"properties":{"id":58,"group":"trails","name":null}},{"type":"Feature","geometry":{"type":"LineString","coordinates":[[-62.0032,-7.1318],[-59.7232,-6.5018],[-57.5959,-6.4555]]},"properties":{"id":59,"group":"trails","name":null}},{"type":"Feature","geometry":{"type":"LineString","coordinates":[[-6.1636,-0.0614],[-2.6209,-0.6682],[-0.42,-0.1759],[1.2573,-0.3123],[3.2168,-1.2941],[4.6391,-1.5191],[8.2214,-2.0768],[10.3732,-1.7986],[11.7423,-1.4059],[13.0964,-0.3327],[14.415,-0.1091],[16.3364,1.6336],[19.0227,-0.5182]]},"properties":{"id":60,"group":"trails","name":null}},{"type":"Feature","geometry":{"type":"LineString","coordinates":[[2.6836,27.7677],[3.9464,27.0818],[6.1391,24.8864],[9.0273,24.3409]]},"properties":{"id":61,"group":"trails","name":null}},{"type":"Feature","geometry":{"type":"LineString","coordinates":[[-55.9936,-15.4841],[-56.3932,-17.3209]]},"properties":{"id":62,"group":"trails","name":null}},{"type":"Feature","geometry":{"type":"LineString","coordinates":[[-63.5632,5.2309],[-61.4891,7.8982]]},"properties":{"id":63,"group":"trails","name":null}},{"type":"Feature","geometry":{"type":"LineString","coordinates":[[-54.8059,-20.9632],[-55.7918,-19.6555],[-56.3932,-17.3209]]},"properties":{"id":64,"group":"trails","name":null}},{"type":"Feature","geometry":{"type":"LineString","coordinates":[[7.5314,-22.7005],[4.7005,-23.1095],[2.73,-23.8173],[1.1686,-25.6595],[-0.7091,-27.1909]]},"properties":{"id":65,"group":"trails","name":null}},{"type":"Feature","geometry":{"type":"LineString","coordinates":[[3.9464,27.0818],[5.4682,30.4459],[6.0559,30.8823]]},"properties":{"id":66,"group":"trails","name":null}},{"type":"Feature","geometry":{"type":"LineString","coordinates":[[-54.8059,-20.9632],[-55.6418,-23.5077],[-59.0564,-24.3245],[-62.5023,-21.7541],[-63.6068,-20.355],[-65.2582,-18.6995],[-66.8509,-17.925],[-67.455,-14.55],[-65.8459,-13.905],[-63.2986,-13.8641]]},"properties":{"id":67,"group":"trails","name":null}},{"type":"Feature","geometry":{"type":"LineString","coordinates":[[-54.1118,29.7341],[-50.7477,29.4273]]},"properties":{"id":68,"group":"trails","name":null}},{"type":"Feature","geometry":{"type":"LineString","coordinates":[[11.8364,25.2273],[9.0273,24.3409]]},"properties":{"id":69,"group":"trails","name":null}},{"type":"Feature","geometry":{"type":"LineString","coordinates":[[3.6436,33.6423],[6.0559,30.8823]]},"properties":{"id":70,"group":"trails","name":null}},{"type":"Feature","geometry":{"type":"LineString","coordinates":[[-62.9782,-11.5418],[-62.0032,-7.1318],[-63.0723,-5.4941]]},"properties":{"id":71,"group":"trails","name":null}},{"type":"Feature","geometry":{"type":"LineString","coordinates":[[-62.9782,-11.5418],[-63.2986,-13.8641],[-62.1641,-14.1573],[-61.1686,-14.7436],[-59.7573,-14.6523],[-55.9936,-15.4841]]},"properties":{"id":72,"group":"trails","name":null}},{"type":"Feature","geometry":{"type":"LineString","coordinates":[[-66.0573,-8.1805],[-63.0723,-5.4941]]},"properties":{"id":73,"group":"trails","name":null}},{"type":"Feature","geometry":{"type":"LineString","coordinates":[[-58.2286,25.7523],[-55.7673,26.8118],[-54.8332,27.7936],[-54.1118,29.7341],[-55.965,31.9786],[-59.3714,33.8591],[-60.4923,34.4959],[-62.1518,33.9627],[-63.4868,32.6523],[-64.1236,34.1986],[-67.5886,36.0218],[-68.4491,36.2618]]},"properties":{"id":74,"group":"trails","name":null}},{"type":"Feature","geometry":{"type":"LineString","coordinates":[[15.6695,-18.6777],[16.3473,-19.0077],[16.2695,-20.3741],[15.0382,-21.3518],[13.0227,-21.6],[11.55,-22.2873],[9.9055,-22.2709],[7.5314,-22.7005]]},"properties":{"id":75,"group":"trails","name":null}},{"type":"Feature","geometry":{"type":"LineString","coordinates":[[11.55,-22.2873],[12.7323,-24.9205],[14.5582,-29.2827],[16.6036,-29.8936],[15.8577,-32.4409],[14.4245,-35.8295],[16.3132,-36.5141],[19.0227,-36.0464],[20.9359,-34.2873],[21.6314,-36.0545],[21.885,-39.7091]]},"properties":{"id":76,"group":"trails","name":null}},{"type":"Feature","geometry":{"type":"LineString","coordinates":[[20.01,-6.51],[18.6818,-6.2727],[17.6673,-6.6027],[16.9786,-7.4918],[15.6436,-9.0382],[15.3777,-10.9732],[15.8345,-12.2468],[14.5336,-15.5959],[15.6695,-18.6777]]},"properties":{"id":77,"group":"trails","name":null}},{"type":"Feature","geometry":{"type":"LineString","coordinates":[[-65.9877,6.7595],[-67.59,5.5459],[-69.4936,7.0377],[-71.3959,8.0195],[-72.315,9.1295],[-75.4241,10.5518],[-77.8664,11.5745],[-76.9527,15.3968]]},"properties":{"id":78,"group":"trails","name":null}},{"type":"Feature","geometry":{"type":"LineString","coordinates":[[-66.6955,-0.4186],[-66.4555,2.3823],[-67.59,5.5459]]},"properties":{"id":79,"group":"trails","name":null}},{"type":"Feature","geometry":{"type":"LineString","coordinates":[[-67.7373,-3.6532],[-66.6955,-0.4186],[-68.5432,-0.1786]]},"properties":{"id":80,"group":"trails","name":null}},{"type":"Feature","geometry":{"type":"LineString","coordinates":[[11.8364,25.2273],[12.7718,28.26],[13.1482,30.0764]]},"properties":{"id":81,"group":"trails","name":null}},{"type":"Feature","geometry":{"type":"LineString","coordinates":[[-0.2441,33.2005],[-0.5795,31.6923],[-0.0818,30.7227],[1.4523,30.7173],[2.9645,31.8805],[3.6436,33.6423],[6.7691,33.0873],[7.0214,35.7027],[8.9618,36.8959],[10.0636,37.65],[12.9355,38.5459]]},"properties":{"id":82,"group":"trails","name":null}},{"type":"Feature","geometry":{"type":"LineString","coordinates":[[22.0241,-1.4141],[19.0227,-0.5182]]},"properties":{"id":83,"group":"trails","name":null}},{"type":"Feature","geometry":{"type":"LineString","coordinates":[[-59.0564,-24.3245],[-58.2423,-26.6891]]},"properties":{"id":84,"group":"trails","name":null}},{"type":"Feature","geometry":{"type":"LineString","coordinates":[[15.2182,28.1632],[14.3809,30.3],[13.1482,30.0764]]},"properties":{"id":85,"group":"trails","name":null}},{"type":"Feature","geometry":{"type":"LineString","coordinates":[[11.8364,25.2273],[12.7595,22.9173],[14.1123,20.7341],[16.6486,19.0527],[18.3327,17.9018],[20.4777,17.0645],[20.8895,15.5877],[22.065,14.1477],[22.4564,12.4814],[24.1882,9.9736],[25.1755,8.0673],[24.825,4.8355],[22.1264,2.3509],[22.0241,-1.4141],[23.3318,-2.5227],[24.4909,-1.2873]]},"properties":{"id":86,"group":"trails","name":null}},{"type":"Feature","geometry":{"type":"LineString","coordinates":[[23.3318,-2.5227],[22.6473,-3.1964],[21.6491,-3.7691],[20.7955,-4.9773],[20.01,-6.51]]},"properties":{"id":87,"group":"trails","name":null}},{"type":"Feature","geometry":{"type":"LineString","coordinates":[[8.9618,36.8959],[10.5955,35.3632],[11.4723,34.9186],[13.1155,32.4055],[13.1482,30.0764]]},"properties":{"id":88,"group":"trails","name":null}},{"type":"Feature","geometry":{"type":"LineString","coordinates":[[-67.7373,-3.6532],[-68.4205,-3.675],[-68.7245,-4.7645],[-69.4364,-7.695],[-71.865,-7.1182],[-72.5795,-6.5523],[-74.9632,-8.0291],[-78.6314,-6.9832],[-79.3391,-5.4791],[-79.23,-3.0355],[-77.205,-0.3027]]},"properties":{"id":89,"group":"trails","name":null}},{"type":"Feature","geometry":{"type":"LineString","coordinates":[[-66.0573,-8.1805],[-69.4364,-7.695]]},"properties":{"id":90,"group":"trails","name":null}},{"type":"Feature","geometry":{"type":"LineString","coordinates":[[-65.0223,21.8741],[-63.8032,22.9527],[-62.7586,24.9614]]},"properties":{"id":91,"group":"trails","name":null}},{"type":"Feature","geometry":{"type":"LineString","coordinates":[[-63.2795,27.3873],[-62.7586,24.9614]]},"properties":{"id":92,"group":"trails","name":null}},{"type":"Feature","geometry":{"type":"LineString","coordinates":[[-63.2795,27.3873],[-60.0436,28.2436]]},"properties":{"id":93,"group":"trails","name":null}},{"type":"Feature","geometry":{"type":"LineString","coordinates":[[22.6473,-3.1964],[24.495,-3.7732],[25.7455,-4.4045],[26.5459,-5.2432],[26.9045,-6.3],[26.8186,-7.5845]]},"properties":{"id":94,"group":"trails","name":null}},{"type":"Feature","geometry":{"type":"LineString","coordinates":[[-66.5959,-22.92],[-64.4973,-22.7905],[-62.5023,-21.7541]]},"properties":{"id":95,"group":"trails","name":null}},{"type":"Feature","geometry":{"type":"LineString","coordinates":[[-72.9314,-3.8059],[-68.4205,-3.675],[-68.5432,-0.1786]]},"properties":{"id":96,"group":"trails","name":null}},{"type":"Feature","geometry":{"type":"LineString","coordinates":[[-72.7841,3.7936],[-69.4936,7.0377]]},"properties":{"id":97,"group":"trails","name":null}},{"type":"Feature","geometry":{"type":"LineString","coordinates":[[0.6545,-37.7182],[-0.2905,-36.3245],[-0.4227,-34.8273],[-1.6064,-33.2045]]},"properties":{"id":98,"group":"trails","name":null}},{"type":"Feature","geometry":{"type":"LineString","coordinates":[[8.9141,-36.225],[6.9832,-35.76],[5.5555,-35.3086],[2.9045,-36.6232],[0.6545,-37.7182],[2.0018,-39.2523],[1.7809,-40.7768],[0.7977,-41.7845],[0.1773,-43.3636],[-1.3582,-43.8764],[-0.8864,-45.3682],[-0.855,-46.9023],[-1.6814,-48.5005],[-1.8341,-49.08],[-0.8986,-51.3668],[-1.4727,-52.6909],[-2.0591,-54.0232],[-2.6045,-55.2],[-3.1377,-56.3714]]},"properties":{"id":99,"group":"trails","name":null}},{"type":"Feature","geometry":{"type":"LineString","coordinates":[[-56.3618,-28.4891],[-58.2423,-26.6891]]},"properties":{"id":100,"group":"trails","name":null}},{"type":"Feature","geometry":{"type":"LineString","coordinates":[[-72.5795,-6.5523],[-72.9314,-3.8059],[-73.44,-2.5623],[-73.4005,-0.8618],[-74.7586,2.5786],[-72.7841,3.7936]]},"properties":{"id":101,"group":"trails","name":null}},{"type":"Feature","geometry":{"type":"LineString","coordinates":[[-69.8359,21.7132],[-67.9923,22.515],[-65.9905,22.3664],[-65.0223,21.8741]]},"properties":{"id":102,"group":"trails","name":null}},{"type":"Feature","geometry":{"type":"LineString","coordinates":[[-72.1105,-11.6086],[-71.865,-7.1182]]},"properties":{"id":103,"group":"trails","name":null}},{"type":"Feature","geometry":{"type":"LineString","coordinates":[[14.3809,30.3],[16.6677,29.82],[18.8673,30.8768],[21.2836,28.47]]},"properties":{"id":104,"group":"trails","name":null}},{"type":"Feature","geometry":{"type":"LineString","coordinates":[[-71.3741,-14.0809],[-72.1105,-11.6086]]},"properties":{"id":105,"group":"trails","name":null}},{"type":"Feature","geometry":{"type":"LineString","coordinates":[[-71.3741,-14.0809],[-72.2564,-15.1173],[-73.8736,-14.7464],[-76.4141,-13.3241],[-77.7273,-14.3345],[-80.1982,-14.79],[-82.2055,-14.46],[-83.5636,-13.3977]]},"properties":{"id":106,"group":"trails","name":null}},{"type":"Feature","geometry":{"type":"LineString","coordinates":[[-67.455,-14.55],[-69.2468,-13.7564],[-71.3741,-14.0809]]},"properties":{"id":107,"group":"trails","name":null}},{"type":"Feature","geometry":{"type":"LineString","coordinates":[[3.6368,-42.9941],[0.7977,-41.7845]]},"properties":{"id":108,"group":"trails","name":null}},{"type":"Feature","geometry":{"type":"LineString","coordinates":[[-56.3618,-28.4891],[-55.9691,-30.2864],[-57.1159,-32.3564],[-59.6127,-33.9791],[-62.6536,-33.6886],[-64.035,-33.2209]]},"properties":{"id":109,"group":"trails","name":null}},{"type":"Feature","geometry":{"type":"LineString","coordinates":[[-60.165,-36.9123],[-59.6127,-33.9791]]},"properties":{"id":110,"group":"trails","name":null}},{"type":"Feature","geometry":{"type":"LineString","coordinates":[[18.8673,30.8768],[19.4618,32.5405],[20.9182,33.7091]]},"properties":{"id":111,"group":"trails","name":null}},{"type":"Feature","geometry":{"type":"LineString","coordinates":[[29.9318,-2.1],[30.93,-0.7309]]},"properties":{"id":112,"group":"trails","name":null}},{"type":"Feature","geometry":{"type":"LineString","coordinates":[[26.5459,-5.2432],[28.305,-5.2173],[29.3277,-4.1755],[29.9318,-2.1]]},"properties":{"id":113,"group":"trails","name":null}},{"type":"Feature","geometry":{"type":"LineString","coordinates":[[30.435,10.1345],[29.5991,11.8718],[28.4045,11.6495],[27.1664,10.5723],[25.1755,8.0673]]},"properties":{"id":114,"group":"trails","name":null}},{"type":"Feature","geometry":{"type":"LineString","coordinates":[[24.1759,31.5955],[21.2836,28.47]]},"properties":{"id":115,"group":"trails","name":null}},{"type":"Feature","geometry":{"type":"LineString","coordinates":[[-74.7586,2.5786],[-75.9368,1.6909],[-77.205,-0.3027]]},"properties":{"id":116,"group":"trails","name":null}},{"type":"Feature","geometry":{"type":"LineString","coordinates":[[30.8891,-7.2764],[29.8405,-6.6436],[28.4864,-6.75],[26.8186,-7.5845]]},"properties":{"id":117,"group":"trails","name":null}},{"type":"Feature","geometry":{"type":"LineString","coordinates":[[13.6432,-38.7545],[12.9641,-38.0168],[11.5555,-37.0459],[8.9141,-36.225]]},"properties":{"id":118,"group":"trails","name":null}},{"type":"Feature","geometry":{"type":"LineString","coordinates":[[23.3032,-29.0905],[19.5777,-28.7359],[18.0859,-29.2855],[16.6036,-29.8936]]},"properties":{"id":119,"group":"trails","name":null}},{"type":"Feature","geometry":{"type":"LineString","coordinates":[[-66.5959,-22.92],[-68.4205,-23.475],[-70.6977,-25.5055]]},"properties":{"id":120,"group":"trails","name":null}},{"type":"Feature","geometry":{"type":"LineString","coordinates":[[31.9159,7.9991],[31.5027,6.1336],[30.5318,4.8818]]},"properties":{"id":121,"group":"trails","name":null}},{"type":"Feature","geometry":{"type":"LineString","coordinates":[[32.2773,3.3273],[30.5318,4.8818]]},"properties":{"id":122,"group":"trails","name":null}},{"type":"Feature","geometry":{"type":"LineString","coordinates":[[32.2773,3.3273],[32.4109,1.6255],[31.8409,0.3409],[30.93,-0.7309]]},"properties":{"id":123,"group":"trails","name":null}},{"type":"Feature","geometry":{"type":"LineString","coordinates":[[-70.3745,-26.2855],[-70.6977,-25.5055]]},"properties":{"id":124,"group":"trails","name":null}},{"type":"Feature","geometry":{"type":"LineString","coordinates":[[-76.14,18.3586],[-74.7436,18.0068],[-72.7527,18.5141]]},"properties":{"id":125,"group":"trails","name":null}},{"type":"Feature","geometry":{"type":"LineString","coordinates":[[-69.8359,21.7132],[-71.5241,22.8723],[-72.3245,24.2332],[-72.81,27.5714],[-74.1573,28.6814],[-74.4559,30.4064],[-73.7591,32.6932],[-72.9423,33.3573],[-71.3864,35.3223],[-68.4491,36.2618]]},"properties":{"id":126,"group":"trails","name":null}},{"type":"Feature","geometry":{"type":"LineString","coordinates":[[16.2695,-20.3741],[17.3455,-21.8427],[18.7445,-22.5164],[20.2309,-24.8795],[23.5036,-25.8723],[23.3032,-29.0905],[23.3591,-30.4636]]},"properties":{"id":127,"group":"trails","name":null}},{"type":"Feature","geometry":{"type":"LineString","coordinates":[[-63.2795,27.3873],[-62.4355,28.3541],[-62.8964,29.2309],[-63.5659,30.5045],[-63.4868,32.6523]]},"properties":{"id":128,"group":"trails","name":null}},{"type":"Feature","geometry":{"type":"LineString","coordinates":[[-74.4545,-20.6086],[-74.0386,-17.0618],[-72.2564,-15.1173]]},"properties":{"id":129,"group":"trails","name":null}},{"type":"Feature","geometry":{"type":"LineString","coordinates":[[-69.8686,-27.2809],[-70.3745,-26.2855]]},"properties":{"id":130,"group":"trails","name":null}},{"type":"Feature","geometry":{"type":"LineString","coordinates":[[14.4245,-35.8295],[13.6432,-38.7545],[14.3427,-40.0759]]},"properties":{"id":131,"group":"trails","name":null}},{"type":"Feature","geometry":{"type":"LineString","coordinates":[[30.7009,-14.7791],[29.0932,-14.2732],[27.7909,-15.1445],[26.8541,-17.1109],[24.7309,-18.8905],[23.8841,-19.9295],[23.0359,-23.9005],[23.5036,-25.8723]]},"properties":{"id":132,"group":"trails","name":null}},{"type":"Feature","geometry":{"type":"LineString","coordinates":[[31.8573,-9.0805],[32.4409,-7.7864],[33.7636,-8.3591],[34.4905,-10.2218],[35.8636,-11.4409]]},"properties":{"id":133,"group":"trails","name":null}},{"type":"Feature","geometry":{"type":"LineString","coordinates":[[19.59,34.9745],[20.4,35.9591],[21.2945,37.0336]]},"properties":{"id":134,"group":"trails","name":null}},{"type":"Feature","geometry":{"type":"LineString","coordinates":[[-75.9368,1.6909],[-80.3564,3.1159],[-80.1982,3.7295],[-80.9141,5.3018],[-84.0927,7.0514],[-84.1091,9.6014]]},"properties":{"id":135,"group":"trails","name":null}},{"type":"Feature","geometry":{"type":"LineString","coordinates":[[32.9932,11.6195],[30.435,10.1345],[31.9159,7.9991]]},"properties":{"id":136,"group":"trails","name":null}},{"type":"Feature","geometry":{"type":"LineString","coordinates":[[24.6682,-29.25],[23.3032,-29.0905]]},"properties":{"id":137,"group":"trails","name":null}},{"type":"Feature","geometry":{"type":"LineString","coordinates":[[-78.3955,7.4495],[-78.6218,5.1668],[-80.1982,3.7295]]},"properties":{"id":138,"group":"trails","name":null}},{"type":"Feature","geometry":{"type":"LineString","coordinates":[[-80.1177,9.5755],[-77.8664,11.5745]]},"properties":{"id":139,"group":"trails","name":null}},{"type":"Feature","geometry":{"type":"LineString","coordinates":[[30.8891,-7.2764],[32.4409,-7.7864]]},"properties":{"id":140,"group":"trails","name":null}},{"type":"Feature","geometry":{"type":"LineString","coordinates":[[29.3277,-4.1755],[29.8405,-6.6436]]},"properties":{"id":141,"group":"trails","name":null}},{"type":"Feature","geometry":{"type":"LineString","coordinates":[[-66.5877,-35.5609],[-64.035,-33.2209]]},"properties":{"id":142,"group":"trails","name":null}},{"type":"Feature","geometry":{"type":"LineString","coordinates":[[-66.5877,-35.5609],[-67.8068,-33.6395],[-68.5514,-32.6782],[-70.08,-31.125],[-70.2927,-29.5732],[-69.8686,-27.2809]]},"properties":{"id":143,"group":"trails","name":null}},{"type":"Feature","geometry":{"type":"LineString","coordinates":[[-78.3682,18.0232],[-76.9527,15.3968],[-76.14,18.3586]]},"properties":{"id":144,"group":"trails","name":null}},{"type":"Feature","geometry":{"type":"LineString","coordinates":[[31.8573,-9.0805],[30.6273,-9.7227],[29.6468,-10.5791],[29.1818,-11.8909],[29.0932,-14.2732]]},"properties":{"id":145,"group":"trails","name":null}},{"type":"Feature","geometry":{"type":"LineString","coordinates":[[-73.5655,-25.9323],[-70.6977,-25.5055]]},"properties":{"id":146,"group":"trails","name":null}},{"type":"Feature","geometry":{"type":"LineString","coordinates":[[16.3841,-40.4645],[14.3427,-40.0759]]},"properties":{"id":147,"group":"trails","name":null}},{"type":"Feature","geometry":{"type":"LineString","coordinates":[[32.9932,11.6195],[34.4741,12.5714]]},"properties":{"id":148,"group":"trails","name":null}},{"type":"Feature","geometry":{"type":"LineString","coordinates":[[31.8409,0.3409],[32.4873,-0.2373],[32.8255,-1.1768],[34.1455,-2.2364],[35.4573,-3.2877],[35.7668,-4.2955],[36.5809,-5.1477],[34.2682,-5.4409],[33.6859,-6.7677],[33.7636,-8.3591]]},"properties":{"id":149,"group":"trails","name":null}},{"type":"Feature","geometry":{"type":"LineString","coordinates":[[35.4573,0.1868],[34.1455,-2.2364]]},"properties":{"id":150,"group":"trails","name":null}},{"type":"Feature","geometry":{"type":"LineString","coordinates":[[35.4573,0.1868],[37.1414,2.4832],[40.2423,1.6514]]},"properties":{"id":151,"group":"trails","name":null}},{"type":"Feature","geometry":{"type":"LineString","coordinates":[[32.4109,1.6255],[35.4573,0.1868]]},"properties":{"id":152,"group":"trails","name":null}},{"type":"Feature","geometry":{"type":"LineString","coordinates":[[25.5082,-34.4577],[23.8964,-33.0968],[23.3386,-31.7686],[23.3591,-30.4636]]},"properties":{"id":153,"group":"trails","name":null}},{"type":"Feature","geometry":{"type":"LineString","coordinates":[[23.3386,-31.7686],[20.9359,-34.2873]]},"properties":{"id":154,"group":"trails","name":null}},{"type":"Feature","geometry":{"type":"LineString","coordinates":[[-78.3955,7.4495],[-80.1177,9.5755],[-81.7268,10.1182],[-82.515,11.2718]]},"properties":{"id":155,"group":"trails","name":null}},{"type":"Feature","geometry":{"type":"LineString","coordinates":[[-84.8686,-5.2964],[-80.955,-6.2686],[-79.3391,-5.4791]]},"properties":{"id":156,"group":"trails","name":null}},{"type":"Feature","geometry":{"type":"LineString","coordinates":[[30.7009,-14.7791],[32.4723,-15.5564],[34.2355,-16.5259],[35.385,-17.9086],[38.1559,-18.7514],[39.5768,-20.3386]]},"properties":{"id":157,"group":"trails","name":null}},{"type":"Feature","geometry":{"type":"LineString","coordinates":[[-60.165,-36.9123],[-61.6814,-38.4205],[-64.0718,-38.6645],[-66.5305,-40.1727],[-67.2123,-38.4464],[-66.5877,-35.5609]]},"properties":{"id":158,"group":"trails","name":null}},{"type":"Feature","geometry":{"type":"LineString","coordinates":[[-72.2223,-34.0091],[-70.08,-31.125]]},"properties":{"id":159,"group":"trails","name":null}},{"type":"Feature","geometry":{"type":"LineString","coordinates":[[-84.8168,16.785],[-83.6768,15.3164],[-83.595,13.7591],[-82.515,11.2718],[-84.1091,9.6014]]},"properties":{"id":160,"group":"trails","name":null}},{"type":"Feature","geometry":{"type":"LineString","coordinates":[[33.2659,27.9873],[35.0305,26.5786],[35.8936,24.2932],[36.0027,22.5709],[36.3409,21.0095],[36,18.2864],[34.815,15.6136],[34.4741,12.5714]]},"properties":{"id":161,"group":"trails","name":null}},{"type":"Feature","geometry":{"type":"LineString","coordinates":[[-73.5655,-25.9323],[-74.9986,-27.8591],[-77.2377,-29.1232],[-76.3977,-26.6414],[-80.2418,-25.0186],[-81.6955,-25.7168],[-83.055,-24.3586],[-85.6295,-23.2732],[-86.1791,-22.3664],[-86.7914,-20.2377]]},"properties":{"id":162,"group":"trails","name":null}},{"type":"Feature","geometry":{"type":"LineString","coordinates":[[-72.2223,-34.0091],[-72.4445,-35.4641]]},"properties":{"id":163,"group":"trails","name":null}},{"type":"Feature","geometry":{"type":"LineString","coordinates":[[-67.8068,-33.6395],[-72.2223,-34.0091],[-73.5586,-33.0068],[-74.67,-31.0473],[-77.2377,-29.1232]]},"properties":{"id":164,"group":"trails","name":null}},{"type":"Feature","geometry":{"type":"LineString","coordinates":[[-84.0927,7.0514],[-85.1209,5.7641]]},"properties":{"id":165,"group":"trails","name":null}},{"type":"Feature","geometry":{"type":"LineString","coordinates":[[-73.5655,-25.9323],[-74.3455,-24.1295],[-74.4545,-20.6086]]},"properties":{"id":166,"group":"trails","name":null}},{"type":"Feature","geometry":{"type":"LineString","coordinates":[[-66.5305,-40.1727],[-69.7268,-39.1418]]},"properties":{"id":167,"group":"trails","name":null}},{"type":"Feature","geometry":{"type":"LineString","coordinates":[[32.9932,11.6195],[34.05,10.2955],[37.0773,9.3]]},"properties":{"id":168,"group":"trails","name":null}},{"type":"Feature","geometry":{"type":"LineString","coordinates":[[39.8591,6.6832],[38.0755,4.9391],[37.1414,2.4832]]},"properties":{"id":169,"group":"trails","name":null}},{"type":"Feature","geometry":{"type":"LineString","coordinates":[[39.0955,10.0486],[37.0773,9.3]]},"properties":{"id":170,"group":"trails","name":null}},{"type":"Feature","geometry":{"type":"LineString","coordinates":[[16.4086,-46.5095],[17.9223,-48.1282],[18.7991,-49.1345],[19.1005,-50.8936],[19.0882,-53.2282]]},"properties":{"id":171,"group":"trails","name":null}},{"type":"Feature","geometry":{"type":"LineString","coordinates":[[16.4086,-46.5095],[19.2777,-45.1214],[17.8595,-43.5082],[16.3841,-40.4645]]},"properties":{"id":172,"group":"trails","name":null}},{"type":"Feature","geometry":{"type":"LineString","coordinates":[[-78.3682,18.0232],[-80.1273,19.3227],[-81.7241,19.4809],[-83.5909,20.0045],[-85.0445,21.5591],[-87.9655,20.7532],[-88.935,22.6991],[-90.1173,24.15],[-90.3409,26.0045]]},"properties":{"id":173,"group":"trails","name":null}},{"type":"Feature","geometry":{"type":"LineString","coordinates":[[32.5064,-29.4559],[30.3641,-27.8441],[27.12,-28.005],[24.6682,-29.25]]},"properties":{"id":174,"group":"trails","name":null}},{"type":"Feature","geometry":{"type":"LineString","coordinates":[[24.0245,-41.4832],[22.5914,-40.2218],[21.885,-39.7091]]},"properties":{"id":175,"group":"trails","name":null}},{"type":"Feature","geometry":{"type":"LineString","coordinates":[[32.5064,-29.4559],[34.0595,-27.9027]]},"properties":{"id":176,"group":"trails","name":null}},{"type":"Feature","geometry":{"type":"LineString","coordinates":[[-66.5305,-40.1727],[-67.1045,-45.4091],[-69.1636,-44.2241],[-70.8682,-44.0045],[-73.5191,-42.1036],[-71.4559,-39.48],[-69.7268,-39.1418]]},"properties":{"id":177,"group":"trails","name":null}},{"type":"Feature","geometry":{"type":"LineString","coordinates":[[-84.8168,16.785],[-83.5909,20.0045]]},"properties":{"id":178,"group":"trails","name":null}},{"type":"Feature","geometry":{"type":"LineString","coordinates":[[-80.6577,25.8055],[-79.7209,27.8236],[-81.4091,27.3136],[-83.0918,26.7995],[-84.2045,28.3364],[-84.87,29.9086],[-84.6409,31.5273],[-83.9605,33.1623],[-84.6123,34.5068],[-86.3523,35.6482],[-87.7091,35.7],[-89.4655,37.1073],[-87.7541,38.4464]]},"properties":{"id":179,"group":"trails","name":null}},{"type":"Feature","geometry":{"type":"LineString","coordinates":[[-88.0214,0.3014],[-86.5105,2.5486],[-86.3495,4.7059],[-85.1209,5.7641]]},"properties":{"id":180,"group":"trails","name":null}},{"type":"Feature","geometry":{"type":"LineString","coordinates":[[-86.3495,4.7059],[-89.1682,5.7832],[-91.6609,8.2391],[-90.1991,10.5955],[-90.225,11.8282],[-89.97,15.5318],[-87.3723,15.3655],[-84.8168,16.785]]},"properties":{"id":181,"group":"trails","name":null}},{"type":"Feature","geometry":{"type":"LineString","coordinates":[[-84.8686,-5.2964],[-87.1105,-4.9132],[-87.8236,-3.5182],[-88.9459,-0.8373]]},"properties":{"id":182,"group":"trails","name":null}},{"type":"Feature","geometry":{"type":"LineString","coordinates":[[-87.6409,-7.1509],[-87.1105,-4.9132],[-90.1814,-5.4232],[-92.0768,-5.0686],[-94.5068,-5.2718],[-95.8377,-3.2414],[-96.6491,-0.6655],[-95.1245,1.125],[-93.2823,2.5582],[-92.6727,3.9886],[-91.6609,8.2391],[-92.6877,9.1868],[-93.9232,9.7377],[-95.8309,12.6573]]},"properties":{"id":183,"group":"trails","name":null}},{"type":"Feature","geometry":{"type":"LineString","coordinates":[[39.9491,-0.6968],[40.2423,1.6514],[42.4009,3.6205]]},"properties":{"id":184,"group":"trails","name":null}},{"type":"Feature","geometry":{"type":"LineString","coordinates":[[41.3945,-11.7055],[40.1727,-11.3645],[38.7545,-11.8091],[37.5177,-11.415],[35.8636,-11.4409]]},"properties":{"id":185,"group":"trails","name":null}},{"type":"Feature","geometry":{"type":"LineString","coordinates":[[37.5177,-11.415],[37.2245,-12.66],[36.105,-14.2445],[34.2355,-16.5259]]},"properties":{"id":186,"group":"trails","name":null}},{"type":"Feature","geometry":{"type":"LineString","coordinates":[[-84.3041,-16.6677],[-83.5636,-13.3977]]},"properties":{"id":187,"group":"trails","name":null}},{"type":"Feature","geometry":{"type":"LineString","coordinates":[[-88.0214,0.3014],[-88.9459,-0.8373]]},"properties":{"id":188,"group":"trails","name":null}},{"type":"Feature","geometry":{"type":"LineString","coordinates":[[-87.8373,-11.4382],[-86.64,-12.4486],[-83.5636,-13.3977]]},"properties":{"id":189,"group":"trails","name":null}},{"type":"Feature","geometry":{"type":"LineString","coordinates":[[31.6773,40.5409],[32.3918,39.3818],[32.5077,37.7605],[32.91,35.2514],[34.5955,33.2918]]},"properties":{"id":190,"group":"trails","name":null}},{"type":"Feature","geometry":{"type":"LineString","coordinates":[[32.2568,30.3136],[33.2659,27.9873]]},"properties":{"id":191,"group":"trails","name":null}},{"type":"Feature","geometry":{"type":"LineString","coordinates":[[24.0245,-41.4832],[21.7036,-43.3977],[20.1273,-44.1873],[19.2777,-45.1214]]},"properties":{"id":192,"group":"trails","name":null}},{"type":"Feature","geometry":{"type":"LineString","coordinates":[[30.9914,-38.3168],[30.3,-35.6645],[29.415,-33.8795],[27.6,-33.7036],[25.5082,-34.4577]]},"properties":{"id":193,"group":"trails","name":null}},{"type":"Feature","geometry":{"type":"LineString","coordinates":[[-87.8373,-11.4382],[-87.6409,-7.1509]]},"properties":{"id":194,"group":"trails","name":null}},{"type":"Feature","geometry":{"type":"LineString","coordinates":[[-81.6955,-25.7168],[-82.2641,-27.8523],[-83.5732,-27.9614]]},"properties":{"id":195,"group":"trails","name":null}},{"type":"Feature","geometry":{"type":"LineString","coordinates":[[-84.3041,-16.6677],[-85.6473,-17.5841],[-86.7914,-20.2377],[-88.1182,-19.5],[-90.5591,-19.1427],[-92.7668,-19.8873],[-93.1405,-16.2395]]},"properties":{"id":196,"group":"trails","name":null}},{"type":"Feature","geometry":{"type":"LineString","coordinates":[[-71.4559,-39.48],[-72.4445,-35.4641]]},"properties":{"id":197,"group":"trails","name":null}},{"type":"Feature","geometry":{"type":"LineString","coordinates":[[-82.2641,-27.8523],[-81.3927,-30.6068],[-84.5427,-32.0264],[-85.6159,-33.1241],[-88.1005,-31.6459],[-90.3573,-30.8673]]},"properties":{"id":198,"group":"trails","name":null}},{"type":"Feature","geometry":{"type":"LineString","coordinates":[[38.505,29.6768],[36.9818,27.6409],[35.0305,26.5786]]},"properties":{"id":199,"group":"trails","name":null}},{"type":"Feature","geometry":{"type":"LineString","coordinates":[[-73.5586,-33.0068],[-76.155,-34.5682],[-79.5082,-34.9936],[-83.0155,-34.2232],[-84.5427,-32.0264]]},"properties":{"id":200,"group":"trails","name":null}},{"type":"Feature","geometry":{"type":"LineString","coordinates":[[39.9491,-0.6968],[42.4418,-2.4968],[44.535,-4.0514],[45.3164,-5.7314],[44.7886,-7.95],[47.8841,-7.9132],[47.8718,-10.2409],[49.3759,-12.4132],[52.005,-12.9041]]},"properties":{"id":201,"group":"trails","name":null}},{"type":"Feature","geometry":{"type":"LineString","coordinates":[[24.0245,-41.4832],[25.6909,-42.8045],[25.1414,-43.9814],[25.5273,-45.5727],[26.3973,-47.6291],[28.3841,-48.9777],[29.3209,-50.1805],[30.6273,-50.85]]},"properties":{"id":202,"group":"trails","name":null}},{"type":"Feature","geometry":{"type":"LineString","coordinates":[[40.2177,13.8968],[43.9773,14.4],[44.5227,12.3109],[46.1618,10.8245],[46.7973,8.7736],[48.1323,7.4768],[48.7432,5.5459],[51.0259,3.6],[49.2832,2.5364],[47.2486,1.7945]]},"properties":{"id":203,"group":"trails","name":null}},{"type":"Feature","geometry":{"type":"LineString","coordinates":[[-90.1814,-5.4232],[-87.8236,-3.5182]]},"properties":{"id":204,"group":"trails","name":null}},{"type":"Feature","geometry":{"type":"LineString","coordinates":[[35.8227,-31.6173],[32.5064,-29.4559]]},"properties":{"id":205,"group":"trails","name":null}},{"type":"Feature","geometry":{"type":"LineString","coordinates":[[30.9914,-38.3168],[28.2191,-40.9677],[25.6909,-42.8045]]},"properties":{"id":206,"group":"trails","name":null}},{"type":"Feature","geometry":{"type":"LineString","coordinates":[[41.3945,-11.7055],[42.8345,-11.5841],[43.2886,-12.6886],[44.0591,-14.3373],[46.1182,-14.7409],[47.9236,-14.7764],[48.8727,-16.5682],[49.8177,-18.3655]]},"properties":{"id":207,"group":"trails","name":null}},{"type":"Feature","geometry":{"type":"LineString","coordinates":[[43.3323,-15.3832],[43.7168,-17.6905],[42.1555,-19.3568],[39.5768,-20.3386]]},"properties":{"id":208,"group":"trails","name":null}},{"type":"Feature","geometry":{"type":"LineString","coordinates":[[25.5273,-45.5727],[26.8064,-45.3573]]},"properties":{"id":209,"group":"trails","name":null}},{"type":"Feature","geometry":{"type":"LineString","coordinates":[[43.3323,-15.3832],[44.0591,-14.3373]]},"properties":{"id":210,"group":"trails","name":null}},{"type":"Feature","geometry":{"type":"LineString","coordinates":[[46.0473,0.5632],[43.7823,-1.1032],[42.4418,-2.4968]]},"properties":{"id":211,"group":"trails","name":null}},{"type":"Feature","geometry":{"type":"LineString","coordinates":[[-69.1636,-44.2241],[-69.1227,-45.5045],[-69.0777,-46.7945],[-70.0418,-48.6709]]},"properties":{"id":212,"group":"trails","name":null}},{"type":"Feature","geometry":{"type":"LineString","coordinates":[[-90.3655,-10.905],[-90.4527,-11.9714],[-90.6014,-15.1445],[-93.1405,-16.2395]]},"properties":{"id":213,"group":"trails","name":null}},{"type":"Feature","geometry":{"type":"LineString","coordinates":[[-87.8373,-11.4382],[-90.3655,-10.905],[-92.67,-10.6623],[-94.5136,-9.7636]]},"properties":{"id":214,"group":"trails","name":null}},{"type":"Feature","geometry":{"type":"LineString","coordinates":[[36.24,-40.2191],[34.5818,-37.6991],[30.9914,-38.3168]]},"properties":{"id":215,"group":"trails","name":null}},{"type":"Feature","geometry":{"type":"LineString","coordinates":[[42.4732,-22.8723],[39.5768,-20.3386]]},"properties":{"id":216,"group":"trails","name":null}},{"type":"Feature","geometry":{"type":"LineString","coordinates":[[29.5364,41.9455],[30.6518,41.4818],[31.6773,40.5409]]},"properties":{"id":217,"group":"trails","name":null}},{"type":"Feature","geometry":{"type":"LineString","coordinates":[[32.3918,39.3818],[33.3682,40.7182],[34.0432,41.82],[36.4227,42.4773],[36.945,43.8873],[36.6682,45.0709],[35.7723,46.8109],[33.8455,47.8336],[31.8627,47.8705],[30.7023,47.0891]]},"properties":{"id":218,"group":"trails","name":null}},{"type":"Feature","geometry":{"type":"LineString","coordinates":[[46.0473,0.5632],[47.2486,1.7945]]},"properties":{"id":219,"group":"trails","name":null}},{"type":"Feature","geometry":{"type":"LineString","coordinates":[[44.5718,2.2964],[46.0473,0.5632]]},"properties":{"id":220,"group":"trails","name":null}},{"type":"Feature","geometry":{"type":"LineString","coordinates":[[44.7886,-7.95],[44.5473,-10.1618],[42.8345,-11.5841]]},"properties":{"id":221,"group":"trails","name":null}},{"type":"Feature","geometry":{"type":"LineString","coordinates":[[-91.8818,19.2668],[-89.8814,19.3936],[-87.9655,20.7532]]},"properties":{"id":222,"group":"trails","name":null}},{"type":"Feature","geometry":{"type":"LineString","coordinates":[[-92.6345,17.5991],[-89.97,15.5318]]},"properties":{"id":223,"group":"trails","name":null}},{"type":"Feature","geometry":{"type":"LineString","coordinates":[[34.3268,31.7018],[38.505,29.6768]]},"properties":{"id":224,"group":"trails","name":null}},{"type":"Feature","geometry":{"type":"LineString","coordinates":[[-72.3245,24.2332],[-73.4386,24.7732],[-74.9727,24.4909],[-76.4973,24.2168],[-77.7273,24.6273],[-80.6577,25.8055]]},"properties":{"id":225,"group":"trails","name":null}},{"type":"Feature","geometry":{"type":"LineString","coordinates":[[-92.6345,17.5991],[-91.8818,19.2668]]},"properties":{"id":226,"group":"trails","name":null}},{"type":"Feature","geometry":{"type":"LineString","coordinates":[[-79.5177,-41.9809],[-77.5173,-41.4886],[-76.0909,-40.8955],[-74.7614,-41.1014],[-73.5191,-42.1036]]},"properties":{"id":227,"group":"trails","name":null}},{"type":"Feature","geometry":{"type":"LineString","coordinates":[[-79.5177,-41.9809],[-80.55,-40.2409],[-82.4836,-39.2632],[-84.3355,-36.5059],[-83.0155,-34.2232]]},"properties":{"id":228,"group":"trails","name":null}},{"type":"Feature","geometry":{"type":"LineString","coordinates":[[-89.3577,-27.2795],[-86.9018,-28.1945],[-83.5732,-27.9614]]},"properties":{"id":229,"group":"trails","name":null}},{"type":"Feature","geometry":{"type":"LineString","coordinates":[[39.585,-34.1945],[37.6255,-33.0764],[35.8227,-31.6173]]},"properties":{"id":230,"group":"trails","name":null}},{"type":"Feature","geometry":{"type":"LineString","coordinates":[[34.5818,-37.6991],[36.7732,-37.0323],[39.585,-34.1945]]},"properties":{"id":231,"group":"trails","name":null}},{"type":"Feature","geometry":{"type":"LineString","coordinates":[[-89.3577,-27.2795],[-89.8555,-25.4332],[-88.7918,-23.4218],[-86.1791,-22.3664]]},"properties":{"id":232,"group":"trails","name":null}},{"type":"Feature","geometry":{"type":"LineString","coordinates":[[-94.5068,-5.2718],[-94.0909,-7.0909],[-94.5136,-9.7636]]},"properties":{"id":233,"group":"trails","name":null}},{"type":"Feature","geometry":{"type":"LineString","coordinates":[[-84.3355,-36.5059],[-85.2477,-37.4986],[-87.6573,-39.5686],[-88.5014,-40.1468]]},"properties":{"id":234,"group":"trails","name":null}},{"type":"Feature","geometry":{"type":"LineString","coordinates":[[-80.55,-40.2409],[-81.2182,-42.3764]]},"properties":{"id":235,"group":"trails","name":null}},{"type":"Feature","geometry":{"type":"LineString","coordinates":[[-97.9991,-6.9095],[-94.5068,-5.2718]]},"properties":{"id":236,"group":"trails","name":null}},{"type":"Feature","geometry":{"type":"LineString","coordinates":[[50.9823,12.6777],[50.3509,13.77],[49.3909,14.2364],[48.2795,13.7536],[47.5486,12.6136],[46.1618,10.8245]]},"properties":{"id":237,"group":"trails","name":null}},{"type":"Feature","geometry":{"type":"LineString","coordinates":[[-92.7668,-19.8873],[-92.9659,-22.8682],[-95.4695,-23.0536],[-96.5509,-24.7364],[-97.7345,-23.8732],[-98.9591,-23.1409],[-100.4509,-22.7318],[-102.4677,-22.9964],[-103.9364,-22.7045],[-105.8564,-24.4132],[-106.5641,-24.7105],[-109.4114,-25.7114]]},"properties":{"id":238,"group":"trails","name":null}},{"type":"Feature","geometry":{"type":"LineString","coordinates":[[48.5223,-19.0514],[48.1691,-20.46],[45.3886,-22.62]]},"properties":{"id":239,"group":"trails","name":null}},{"type":"Feature","geometry":{"type":"LineString","coordinates":[[40.7482,-31.5477],[42.5768,-32.985],[43.9268,-35.4886],[45.75,-36.6968],[47.2091,-36.7636],[48.6559,-36.8414],[50.2773,-37.4905],[52.1045,-37.1045],[53.9318,-36.7091],[56.0182,-36.3014]]},"properties":{"id":240,"group":"trails","name":null}},{"type":"Feature","geometry":{"type":"LineString","coordinates":[[52.9582,-5.5295],[49.8627,-6.435],[47.8841,-7.9132]]},"properties":{"id":241,"group":"trails","name":null}},{"type":"Feature","geometry":{"type":"LineString","coordinates":[[49.3759,-12.4132],[48.7227,-13.6636],[47.9236,-14.7764]]},"properties":{"id":242,"group":"trails","name":null}},{"type":"Feature","geometry":{"type":"LineString","coordinates":[[-95.0182,23.9359],[-92.9236,24.8932],[-90.3409,26.0045]]},"properties":{"id":243,"group":"trails","name":null}},{"type":"Feature","geometry":{"type":"LineString","coordinates":[[-101.9877,5.5541],[-104.1027,2.7573],[-101.6168,1.0541],[-100.5259,1.1045],[-99.0368,-1.8668],[-96.6491,-0.6655]]},"properties":{"id":244,"group":"trails","name":null}},{"type":"Feature","geometry":{"type":"LineString","coordinates":[[41.2623,37.8068],[40.4264,41.0345],[40.2382,43.125],[38.8118,43.1455],[36.945,43.8873]]},"properties":{"id":245,"group":"trails","name":null}},{"type":"Feature","geometry":{"type":"LineString","coordinates":[[33.3682,40.7182],[31.6773,40.5409]]},"properties":{"id":246,"group":"trails","name":null}},{"type":"Feature","geometry":{"type":"LineString","coordinates":[[48.5223,-19.0514],[49.8177,-18.3655],[51.1091,-17.5364],[52.3964,-16.7182]]},"properties":{"id":247,"group":"trails","name":null}},{"type":"Feature","geometry":{"type":"LineString","coordinates":[[50.3509,13.77],[51.3027,16.1005]]},"properties":{"id":248,"group":"trails","name":null}},{"type":"Feature","geometry":{"type":"LineString","coordinates":[[-92.6345,17.5991],[-93.7077,18.4636],[-94.2941,18.9177],[-96.4418,22.4468]]},"properties":{"id":249,"group":"trails","name":null}},{"type":"Feature","geometry":{"type":"LineString","coordinates":[[-91.6786,-30.9014],[-90.465,-29.6823],[-89.3577,-27.2795]]},"properties":{"id":250,"group":"trails","name":null}},{"type":"Feature","geometry":{"type":"LineString","coordinates":[[-95.0182,23.9359],[-96.5918,25.6936],[-97.5559,28.6555]]},"properties":{"id":251,"group":"trails","name":null}},{"type":"Feature","geometry":{"type":"LineString","coordinates":[[-95.0182,23.9359],[-96.4418,22.4468]]},"properties":{"id":252,"group":"trails","name":null}},{"type":"Feature","geometry":{"type":"LineString","coordinates":[[-98.1723,-10.9268],[-94.5136,-9.7636]]},"properties":{"id":253,"group":"trails","name":null}},{"type":"Feature","geometry":{"type":"LineString","coordinates":[[52.6541,3.5795],[51.0259,3.6]]},"properties":{"id":254,"group":"trails","name":null}},{"type":"Feature","geometry":{"type":"LineString","coordinates":[[51.1091,-17.5364],[52.1195,-17.88]]},"properties":{"id":255,"group":"trails","name":null}},{"type":"Feature","geometry":{"type":"LineString","coordinates":[[-99.6232,-5.5241],[-99.0368,-1.8668]]},"properties":{"id":256,"group":"trails","name":null}},{"type":"Feature","geometry":{"type":"LineString","coordinates":[[52.6541,3.5795],[54.0545,7.2845],[54.9968,5.2923],[57.3395,4.4414],[56.2405,2.3523]]},"properties":{"id":257,"group":"trails","name":null}},{"type":"Feature","geometry":{"type":"LineString","coordinates":[[40.2382,43.125],[41.6618,43.5477]]},"properties":{"id":258,"group":"trails","name":null}},{"type":"Feature","geometry":{"type":"LineString","coordinates":[[41.1205,45.2468],[41.6618,43.5477]]},"properties":{"id":259,"group":"trails","name":null}},{"type":"Feature","geometry":{"type":"LineString","coordinates":[[-99.8018,-8.4409],[-97.9991,-6.9095],[-99.6232,-5.5241],[-102.7132,-5.2868],[-105.4241,-6.1623],[-106.53,-5.5527],[-106.9064,-3.3341],[-105.8086,-0.1868],[-108.0259,0.8005],[-110.8445,2.535],[-112.2873,-0.225],[-114.1991,0.9736],[-115.2464,1.6895],[-114.3395,3.2959],[-113.0905,5.7518],[-112.2586,7.2382],[-109.9364,8.2145]]},"properties":{"id":260,"group":"trails","name":null}},{"type":"Feature","geometry":{"type":"LineString","coordinates":[[-91.6786,-30.9014],[-93.0068,-31.6732],[-93.9764,-27.6491]]},"properties":{"id":261,"group":"trails","name":null}},{"type":"Feature","geometry":{"type":"LineString","coordinates":[[-100.1591,11.7041],[-97.7114,12.0559],[-95.8309,12.6573],[-94.2927,14.9141],[-93.7077,18.4636]]},"properties":{"id":262,"group":"trails","name":null}},{"type":"Feature","geometry":{"type":"LineString","coordinates":[[42.5768,-32.985],[43.9118,-31.4345],[45.3395,-31.0786],[48.0355,-29.9782]]},"properties":{"id":263,"group":"trails","name":null}},{"type":"Feature","geometry":{"type":"LineString","coordinates":[[55.17,-5.145],[52.9582,-5.5295]]},"properties":{"id":264,"group":"trails","name":null}},{"type":"Feature","geometry":{"type":"LineString","coordinates":[[-96.5509,-24.7364],[-96.6109,-25.4564],[-93.9764,-27.6491]]},"properties":{"id":265,"group":"trails","name":null}},{"type":"Feature","geometry":{"type":"LineString","coordinates":[[33.8045,-43.8682],[33.7732,-46.3964],[33.6573,-48.2277],[32.8773,-49.7455],[30.6273,-50.85]]},"properties":{"id":266,"group":"trails","name":null}},{"type":"Feature","geometry":{"type":"LineString","coordinates":[[51.8782,-23.4109],[51.1977,-24.705],[51.5182,-25.7045],[52.8327,-26.4109]]},"properties":{"id":267,"group":"trails","name":null}},{"type":"Feature","geometry":{"type":"LineString","coordinates":[[47.2309,-23.7382],[45.9614,-26.3945],[48.0355,-29.9782]]},"properties":{"id":268,"group":"trails","name":null}},{"type":"Feature","geometry":{"type":"LineString","coordinates":[[-89.4655,37.1073],[-91.7291,38.8909],[-91.4468,40.3582],[-89.7886,42.4609]]},"properties":{"id":269,"group":"trails","name":null}},{"type":"Feature","geometry":{"type":"LineString","coordinates":[[-100.5764,-14.0127],[-98.1723,-10.9268],[-99.8018,-8.4409]]},"properties":{"id":270,"group":"trails","name":null}},{"type":"Feature","geometry":{"type":"LineString","coordinates":[[48.2427,19.8082],[50.1614,20.2145],[51.8182,20.2636],[53.4791,20.3195],[54.8318,20.7818],[56.0182,20.7818],[58.1673,19.005],[59.2909,18.0845],[61.4414,17.6645],[63.1186,14.0223],[64.0895,15.8114],[65.1095,16.1127],[66.3545,15.9532],[65.0455,14.5773]]},"properties":{"id":271,"group":"trails","name":null}},{"type":"Feature","geometry":{"type":"LineString","coordinates":[[54.4773,-15.8045],[52.3964,-16.7182]]},"properties":{"id":272,"group":"trails","name":null}},{"type":"Feature","geometry":{"type":"LineString","coordinates":[[52.6541,3.5795],[54.3095,2.5705],[56.2405,2.3523],[57.0559,1.5259]]},"properties":{"id":273,"group":"trails","name":null}},{"type":"Feature","geometry":{"type":"LineString","coordinates":[[52.8245,-21.3736],[54.0845,-21.7827]]},"properties":{"id":274,"group":"trails","name":null}},{"type":"Feature","geometry":{"type":"LineString","coordinates":[[60.7309,1.9568],[57.0559,1.5259]]},"properties":{"id":275,"group":"trails","name":null}},{"type":"Feature","geometry":{"type":"LineString","coordinates":[[-101.4873,21.0532],[-99.9518,22.1523],[-96.4418,22.4468]]},"properties":{"id":276,"group":"trails","name":null}},{"type":"Feature","geometry":{"type":"LineString","coordinates":[[-101.9877,5.5541],[-102.3041,8.0127],[-101.8091,9.5155],[-100.1591,11.7041]]},"properties":{"id":277,"group":"trails","name":null}},{"type":"Feature","geometry":{"type":"LineString","coordinates":[[-91.7577,-41.985],[-88.5014,-40.1468]]},"properties":{"id":278,"group":"trails","name":null}},{"type":"Feature","geometry":{"type":"LineString","coordinates":[[-96.3436,37.4414],[-95.1395,38.1014],[-91.7291,38.8909]]},"properties":{"id":279,"group":"trails","name":null}},{"type":"Feature","geometry":{"type":"LineString","coordinates":[[-103.8123,12.5345],[-102.1923,12.5332],[-100.1591,11.7041]]},"properties":{"id":280,"group":"trails","name":null}},{"type":"Feature","geometry":{"type":"LineString","coordinates":[[50.1136,-34.0609],[48.9395,-32.3577],[48.0355,-29.9782]]},"properties":{"id":281,"group":"trails","name":null}},{"type":"Feature","geometry":{"type":"LineString","coordinates":[[-103.32,18.3695],[-101.4873,21.0532],[-102.0859,23.2118],[-102.7391,24.1159],[-104.5514,24.4295],[-103.815,27.9109],[-103.0895,28.4836],[-102.195,29.0386],[-100.7577,29.4205],[-99.7732,30.7295],[-97.5559,28.6555],[-96,26.9959],[-95.0182,23.9359]]},"properties":{"id":282,"group":"trails","name":null}},{"type":"Feature","geometry":{"type":"LineString","coordinates":[[-87.7091,35.7],[-89.0605,35.7491],[-90.7909,35.5773],[-92.5323,35.4082],[-94.1182,34.9636],[-95.715,34.515],[-96.0273,35.9727],[-96.3436,37.4414],[-98.2964,39.2809],[-99.0177,40.2055],[-99.4364,41.6591],[-97.8205,43.9077]]},"properties":{"id":283,"group":"trails","name":null}},{"type":"Feature","geometry":{"type":"LineString","coordinates":[[-104.1027,2.7573],[-105.8086,-0.1868]]},"properties":{"id":284,"group":"trails","name":null}},{"type":"Feature","geometry":{"type":"LineString","coordinates":[[57.3395,4.4414],[59.8895,5.3359],[60.7309,1.9568],[61.6064,0.4364],[61.4386,-1.9159]]},"properties":{"id":285,"group":"trails","name":null}},{"type":"Feature","geometry":{"type":"LineString","coordinates":[[-90.1868,-45.9382],[-91.7577,-41.985],[-93.5045,-42.0177],[-94.9459,-40.8791],[-93.5727,-40.1045],[-92.4532,-39.18],[-91.8682,-37.95],[-91.5518,-36.5782],[-90.1064,-35.4927],[-89.3182,-34.0091],[-88.5341,-32.5145],[-88.1005,-31.6459]]},"properties":{"id":286,"group":"trails","name":null}},{"type":"Feature","geometry":{"type":"LineString","coordinates":[[59.0768,-20.1914],[57.7227,-19.3636],[56.8091,-19.5273],[55.89,-20.085],[54.0845,-21.7827]]},"properties":{"id":287,"group":"trails","name":null}},{"type":"Feature","geometry":{"type":"LineString","coordinates":[[56.9223,24.765],[57.0423,23.4968],[57.9286,22.2573],[58.1673,19.005]]},"properties":{"id":288,"group":"trails","name":null}},{"type":"Feature","geometry":{"type":"LineString","coordinates":[[-107.1273,-8.6455],[-105.96,-7.6623],[-105.4241,-6.1623]]},"properties":{"id":289,"group":"trails","name":null}},{"type":"Feature","geometry":{"type":"LineString","coordinates":[[-100.5764,-14.0127],[-102.8059,-13.3064],[-105.0314,-12.9914],[-105.8809,-11.4832],[-106.0514,-9.9477],[-107.1273,-8.6455],[-108.0409,-7.35],[-108.96,-6.0641],[-110.6318,-5.4]]},"properties":{"id":290,"group":"trails","name":null}},{"type":"Feature","geometry":{"type":"LineString","coordinates":[[-94.9459,-40.8791],[-95.8091,-41.8227]]},"properties":{"id":291,"group":"trails","name":null}},{"type":"Feature","geometry":{"type":"LineString","coordinates":[[48.7418,26.085],[53.1136,25.5682],[52.98,23.9632],[54.3545,22.6309],[55.9309,22.7727],[57.0423,23.4968]]},"properties":{"id":292,"group":"trails","name":null}},{"type":"Feature","geometry":{"type":"LineString","coordinates":[[-106.7441,-15.1418],[-106.11,-16.3909],[-105.0764,-16.0514],[-104.6945,-14.6905],[-105.0314,-12.9914]]},"properties":{"id":293,"group":"trails","name":null}},{"type":"Feature","geometry":{"type":"LineString","coordinates":[[62.6059,8.6086],[59.8895,5.3359]]},"properties":{"id":294,"group":"trails","name":null}},{"type":"Feature","geometry":{"type":"LineString","coordinates":[[-108.8823,22.0868],[-107.7177,22.5791],[-105.1895,22.7536],[-104.5514,24.4295],[-106.8464,25.6964],[-108.9859,28.8136],[-109.9732,29.5936],[-110.4014,31.9868]]},"properties":{"id":295,"group":"trails","name":null}},{"type":"Feature","geometry":{"type":"LineString","coordinates":[[-107.7736,16.2723],[-106.9868,15.7268],[-105.3805,14.07],[-103.8123,12.5345]]},"properties":{"id":296,"group":"trails","name":null}},{"type":"Feature","geometry":{"type":"LineString","coordinates":[[-102.1923,12.5332],[-101.5691,14.1723],[-103.32,18.3695]]},"properties":{"id":297,"group":"trails","name":null}},{"type":"Feature","geometry":{"type":"LineString","coordinates":[[-96.1773,43.2],[-97.8205,43.9077]]},"properties":{"id":298,"group":"trails","name":null}},{"type":"Feature","geometry":{"type":"LineString","coordinates":[[59.6264,28.0705],[58.5627,27.57],[57.6955,26.3455],[56.9223,24.765]]},"properties":{"id":299,"group":"trails","name":null}},{"type":"Feature","geometry":{"type":"LineString","coordinates":[[54.0682,38.325],[55.3091,38.8132]]},"properties":{"id":300,"group":"trails","name":null}},{"type":"Feature","geometry":{"type":"LineString","coordinates":[[56.9305,36.2795],[56.9318,34.2818],[57.0191,32.1818],[58.4455,32.9591],[59.97,33.6464]]},"properties":{"id":301,"group":"trails","name":null}},{"type":"Feature","geometry":{"type":"LineString","coordinates":[[-90.1868,-45.9382],[-91.8573,-47.1409],[-93.3818,-47.1682],[-93.6505,-49.1168]]},"properties":{"id":302,"group":"trails","name":null}},{"type":"Feature","geometry":{"type":"LineString","coordinates":[[-88.5682,-46.0364],[-90.1868,-45.9382]]},"properties":{"id":303,"group":"trails","name":null}},{"type":"Feature","geometry":{"type":"LineString","coordinates":[[-101.4682,41.4136],[-100.4455,41.4682],[-99.4364,41.6591]]},"properties":{"id":304,"group":"trails","name":null}},{"type":"Feature","geometry":{"type":"LineString","coordinates":[[-103.9364,-22.7045],[-105.1664,-22.2559],[-105.9314,-21.4732],[-107.2323,-20.3686],[-107.7682,-18.5045],[-107.7845,-17.0577],[-106.7441,-15.1418]]},"properties":{"id":305,"group":"trails","name":null}},{"type":"Feature","geometry":{"type":"LineString","coordinates":[[-107.7845,-17.0577],[-110.1791,-17.2964]]},"properties":{"id":306,"group":"trails","name":null}},{"type":"Feature","geometry":{"type":"LineString","coordinates":[[-110.8445,2.535],[-109.0691,5.8064],[-109.9364,8.2145],[-110.2977,10.14],[-112.3677,11.4245],[-113.9414,10.7877],[-115.5164,12.6545],[-116.6945,13.2818],[-117.6027,14.8405],[-119.9523,16.4086],[-120.1691,19.0909],[-119.2036,21.6655],[-122.2718,23.3373]]},"properties":{"id":307,"group":"trails","name":null}},{"type":"Feature","geometry":{"type":"LineString","coordinates":[[63.0873,19.0364],[61.4414,17.6645]]},"properties":{"id":308,"group":"trails","name":null}},{"type":"Feature","geometry":{"type":"LineString","coordinates":[[-96.1773,43.2],[-94.9268,43.8245],[-94.47,45.5659],[-95.07,46.9909],[-96.4786,47.3905],[-98.04,47.1382]]},"properties":{"id":309,"group":"trails","name":null}},{"type":"Feature","geometry":{"type":"LineString","coordinates":[[50.1136,-34.0609],[49.5491,-35.1655],[50.2773,-37.4905]]},"properties":{"id":310,"group":"trails","name":null}},{"type":"Feature","geometry":{"type":"LineString","coordinates":[[65.0086,-2.6782],[62.9018,-2.595],[61.4386,-1.9159]]},"properties":{"id":311,"group":"trails","name":null}},{"type":"Feature","geometry":{"type":"LineString","coordinates":[[-110.3891,16.32],[-107.7736,16.2723],[-107.34,19.6023],[-108.8823,22.0868]]},"properties":{"id":312,"group":"trails","name":null}},{"type":"Feature","geometry":{"type":"LineString","coordinates":[[61.2286,29.7505],[59.6264,28.0705]]},"properties":{"id":313,"group":"trails","name":null}},{"type":"Feature","geometry":{"type":"LineString","coordinates":[[63.7923,-16.5477],[63.9273,-14.9455],[63.4255,-13.6527],[62.2773,-12.6818],[60.4855,-12.0245],[58.7782,-12.51],[57.4364,-13.6636],[56.2895,-15.15],[54.4773,-15.8045]]},"properties":{"id":314,"group":"trails","name":null}},{"type":"Feature","geometry":{"type":"LineString","coordinates":[[41.1205,45.2468],[42.9286,44.7655],[43.9023,46.1536],[44.3305,48.555],[44.4668,49.83],[44.3741,51.5605],[45.2345,53.4027],[46.0609,54.8032],[47.7791,56.0932],[49.3432,55.9445],[50.4545,56.4955],[52.7318,57.1241]]},"properties":{"id":315,"group":"trails","name":null}},{"type":"Feature","geometry":{"type":"LineString","coordinates":[[51.7636,42.8318],[54.4077,41.6032]]},"properties":{"id":316,"group":"trails","name":null}},{"type":"Feature","geometry":{"type":"LineString","coordinates":[[63.0873,19.0364],[63.9791,21.8959]]},"properties":{"id":317,"group":"trails","name":null}},{"type":"Feature","geometry":{"type":"LineString","coordinates":[[-113.1095,-3.0777],[-112.2914,-4.7277],[-110.6318,-5.4]]},"properties":{"id":318,"group":"trails","name":null}},{"type":"Feature","geometry":{"type":"LineString","coordinates":[[66.3164,-6.4173],[63.7868,-7.4809]]},"properties":{"id":319,"group":"trails","name":null}},{"type":"Feature","geometry":{"type":"LineString","coordinates":[[-105.36,37.8886],[-104.8555,36.1745],[-103.6773,34.8136],[-102.495,33.4582],[-102.3409,31.2545],[-102.195,29.0386]]},"properties":{"id":320,"group":"trails","name":null}},{"type":"Feature","geometry":{"type":"LineString","coordinates":[[-99.0177,40.2055],[-101.3591,39.5877],[-101.4682,41.4136]]},"properties":{"id":321,"group":"trails","name":null}},{"type":"Feature","geometry":{"type":"LineString","coordinates":[[66.6314,-11.4436],[64.8736,-11.5486],[64.0009,-9.9723],[63.7868,-7.4809]]},"properties":{"id":322,"group":"trails","name":null}},{"type":"Feature","geometry":{"type":"LineString","coordinates":[[-110.9932,-0.8345],[-112.2873,-0.225]]},"properties":{"id":323,"group":"trails","name":null}},{"type":"Feature","geometry":{"type":"LineString","coordinates":[[-113.1095,-3.0777],[-112.7318,-1.6909],[-112.2873,-0.225]]},"properties":{"id":324,"group":"trails","name":null}},{"type":"Feature","geometry":{"type":"LineString","coordinates":[[67.5136,10.8682],[67.1673,12.4418],[65.9918,13.3309],[64.7182,13.9773],[63.1186,14.0223]]},"properties":{"id":325,"group":"trails","name":null}},{"type":"Feature","geometry":{"type":"LineString","coordinates":[[63.7923,-16.5477],[65.1,-15.8591]]},"properties":{"id":326,"group":"trails","name":null}},{"type":"Feature","geometry":{"type":"LineString","coordinates":[[66.1255,19.1086],[63.0873,19.0364]]},"properties":{"id":327,"group":"trails","name":null}},{"type":"Feature","geometry":{"type":"LineString","coordinates":[[-108.9859,28.8136],[-110.8623,25.5055],[-112.35,25.7768]]},"properties":{"id":328,"group":"trails","name":null}},{"type":"Feature","geometry":{"type":"LineString","coordinates":[[65.0086,-2.6782],[66.3164,-6.4173]]},"properties":{"id":329,"group":"trails","name":null}},{"type":"Feature","geometry":{"type":"LineString","coordinates":[[66.1255,19.1086],[66.6273,17.5732],[66.3545,15.9532]]},"properties":{"id":330,"group":"trails","name":null}},{"type":"Feature","geometry":{"type":"LineString","coordinates":[[-110.8445,2.535],[-113.0905,5.7518]]},"properties":{"id":331,"group":"trails","name":null}},{"type":"Feature","geometry":{"type":"LineString","coordinates":[[-110.8814,-23.9127],[-109.4114,-25.7114]]},"properties":{"id":332,"group":"trails","name":null}},{"type":"Feature","geometry":{"type":"LineString","coordinates":[[-105.8564,-24.4132],[-105.1664,-22.2559]]},"properties":{"id":333,"group":"trails","name":null}},{"type":"Feature","geometry":{"type":"LineString","coordinates":[[-112.3677,11.4245],[-112.1114,14.1355],[-110.3891,16.32]]},"properties":{"id":334,"group":"trails","name":null}},{"type":"Feature","geometry":{"type":"LineString","coordinates":[[65.6768,24.8032],[63.9791,21.8959]]},"properties":{"id":335,"group":"trails","name":null}},{"type":"Feature","geometry":{"type":"LineString","coordinates":[[63.0818,27.9205],[63.9982,25.3527],[65.6768,24.8032],[67.7714,28.3718],[68.0645,30.9736]]},"properties":{"id":336,"group":"trails","name":null}},{"type":"Feature","geometry":{"type":"LineString","coordinates":[[-112.4727,22.8232],[-108.8823,22.0868]]},"properties":{"id":337,"group":"trails","name":null}},{"type":"Feature","geometry":{"type":"LineString","coordinates":[[67.5136,10.8682],[68.6045,11.3727]]},"properties":{"id":338,"group":"trails","name":null}},{"type":"Feature","geometry":{"type":"LineString","coordinates":[[68.8132,-6.3245],[66.3164,-6.4173]]},"properties":{"id":339,"group":"trails","name":null}},{"type":"Feature","geometry":{"type":"LineString","coordinates":[[65.0086,-2.6782],[68.7682,-2.5595],[68.8132,-6.3245],[69.8945,-7.1905],[71.6755,-9.8495],[68.9823,-10.7195],[66.6314,-11.4436]]},"properties":{"id":340,"group":"trails","name":null}},{"type":"Feature","geometry":{"type":"LineString","coordinates":[[-117.2523,7.7209],[-114.6914,7.2477],[-113.0905,5.7518]]},"properties":{"id":341,"group":"trails","name":null}},{"type":"Feature","geometry":{"type":"LineString","coordinates":[[69.9,-0.36],[68.7682,-2.5595]]},"properties":{"id":342,"group":"trails","name":null}},{"type":"Feature","geometry":{"type":"LineString","coordinates":[[52.2545,52.4032],[52.5273,53.85],[52.6623,55.4427],[52.7318,57.1241],[54.2864,58.2],[55.8423,59.265],[56.7409,60.2318],[57.6395,61.2014]]},"properties":{"id":343,"group":"trails","name":null}},{"type":"Feature","geometry":{"type":"LineString","coordinates":[[-112.4727,22.8232],[-112.35,25.7768]]},"properties":{"id":344,"group":"trails","name":null}},{"type":"Feature","geometry":{"type":"LineString","coordinates":[[-112.1155,31.2436],[-110.4014,31.9868]]},"properties":{"id":345,"group":"trails","name":null}},{"type":"Feature","geometry":{"type":"LineString","coordinates":[[-106.6023,38.8541],[-108.3409,37.8682],[-110.0836,36.8959]]},"properties":{"id":346,"group":"trails","name":null}},{"type":"Feature","geometry":{"type":"LineString","coordinates":[[-105.36,37.8886],[-106.6023,38.8541]]},"properties":{"id":347,"group":"trails","name":null}},{"type":"Feature","geometry":{"type":"LineString","coordinates":[[69.9,-0.36],[70.8764,-0.0736]]},"properties":{"id":348,"group":"trails","name":null}},{"type":"Feature","geometry":{"type":"LineString","coordinates":[[67.1673,12.4418],[68.6045,11.3727]]},"properties":{"id":349,"group":"trails","name":null}},{"type":"Feature","geometry":{"type":"LineString","coordinates":[[70.3145,12.6],[68.6045,11.3727]]},"properties":{"id":350,"group":"trails","name":null}},{"type":"Feature","geometry":{"type":"LineString","coordinates":[[-111.7391,33.7609],[-110.4014,31.9868]]},"properties":{"id":351,"group":"trails","name":null}},{"type":"Feature","geometry":{"type":"LineString","coordinates":[[-117.2523,7.7209],[-113.9414,10.7877]]},"properties":{"id":352,"group":"trails","name":null}},{"type":"Feature","geometry":{"type":"LineString","coordinates":[[66.1255,19.1086],[67.4018,19.4291],[70.4905,20.28]]},"properties":{"id":353,"group":"trails","name":null}},{"type":"Feature","geometry":{"type":"LineString","coordinates":[[64.8736,-11.5486],[63.4255,-13.6527]]},"properties":{"id":354,"group":"trails","name":null}},{"type":"Feature","geometry":{"type":"LineString","coordinates":[[63.9273,-14.9455],[65.1,-15.8591]]},"properties":{"id":355,"group":"trails","name":null}},{"type":"Feature","geometry":{"type":"LineString","coordinates":[[-115.125,31.0814],[-112.1155,31.2436]]},"properties":{"id":356,"group":"trails","name":null}},{"type":"Feature","geometry":{"type":"LineString","coordinates":[[-116.9495,28.14],[-115.7032,27.0164],[-112.35,25.7768]]},"properties":{"id":357,"group":"trails","name":null}},{"type":"Feature","geometry":{"type":"LineString","coordinates":[[52.2545,52.4032],[51.7309,51.3723],[50.6577,50.6714],[49.3568,49.1141],[49.2832,47.5159],[49.8,46.1864],[50.2923,44.97],[50.1682,43.7182]]},"properties":{"id":358,"group":"trails","name":null}},{"type":"Feature","geometry":{"type":"LineString","coordinates":[[74.1164,17.5473],[73.0827,15.1514],[70.3145,12.6],[72.6055,11.3618]]},"properties":{"id":359,"group":"trails","name":null}},{"type":"Feature","geometry":{"type":"LineString","coordinates":[[72.6205,21.7705],[70.4905,20.28]]},"properties":{"id":360,"group":"trails","name":null}},{"type":"Feature","geometry":{"type":"LineString","coordinates":[[74.6714,5.1341],[76.1659,6.8032],[74.9059,9.1991],[74.4355,9.4418],[72.6055,11.3618]]},"properties":{"id":361,"group":"trails","name":null}},{"type":"Feature","geometry":{"type":"LineString","coordinates":[[-119.2036,21.6655],[-116.5186,21.0273],[-115.725,21.1527],[-115.1277,21.6136],[-112.4727,22.8232]]},"properties":{"id":362,"group":"trails","name":null}},{"type":"Feature","geometry":{"type":"LineString","coordinates":[[73.0541,-8.3209],[74.3373,-7.7168],[75.1309,-6.1745]]},"properties":{"id":363,"group":"trails","name":null}},{"type":"Feature","geometry":{"type":"LineString","coordinates":[[73.0541,-8.3209],[71.6755,-9.8495]]},"properties":{"id":364,"group":"trails","name":null}},{"type":"Feature","geometry":{"type":"LineString","coordinates":[[74.6714,5.1341],[76.2382,4.2545],[78.4882,3.5509]]},"properties":{"id":365,"group":"trails","name":null}},{"type":"Feature","geometry":{"type":"LineString","coordinates":[[-119.9536,25.3609],[-116.9495,28.14],[-115.125,31.0814],[-116.9495,31.2955],[-118.4277,32.2023]]},"properties":{"id":366,"group":"trails","name":null}},{"type":"Feature","geometry":{"type":"LineString","coordinates":[[-111.7391,33.7609],[-110.73,35.1191],[-110.0836,36.8959]]},"properties":{"id":367,"group":"trails","name":null}},{"type":"Feature","geometry":{"type":"LineString","coordinates":[[74.07,26.9482],[73.3064,24.8168],[72.6205,21.7705],[73.665,19.9555],[74.1164,17.5473],[74.9182,19.1127],[79.2218,16.3159],[80.1395,14.9005]]},"properties":{"id":368,"group":"trails","name":null}},{"type":"Feature","geometry":{"type":"LineString","coordinates":[[-122.2145,8.07],[-123.2441,4.815],[-125.2336,5.07]]},"properties":{"id":369,"group":"trails","name":null}},{"type":"Feature","geometry":{"type":"LineString","coordinates":[[-117.2523,7.7209],[-119.4205,7.3773],[-122.2145,8.07],[-125.8582,8.28],[-124.4455,10.6786],[-124.9895,11.5582]]},"properties":{"id":370,"group":"trails","name":null}},{"type":"Feature","geometry":{"type":"LineString","coordinates":[[74.07,26.9482],[73.8818,30.0041],[76.0977,30.0409]]},"properties":{"id":371,"group":"trails","name":null}},{"type":"Feature","geometry":{"type":"LineString","coordinates":[[-119.9536,25.3609],[-122.2718,23.3373]]},"properties":{"id":372,"group":"trails","name":null}},{"type":"Feature","geometry":{"type":"LineString","coordinates":[[-124.4455,10.6786],[-122.7314,12.2864],[-121.575,14.9523],[-119.9523,16.4086]]},"properties":{"id":373,"group":"trails","name":null}},{"type":"Feature","geometry":{"type":"LineString","coordinates":[[74.175,-16.4577],[75.7718,-16.6064],[77.6223,-15.9982]]},"properties":{"id":374,"group":"trails","name":null}},{"type":"Feature","geometry":{"type":"LineString","coordinates":[[74.3373,-7.7168],[74.5418,-9.9586],[75.3764,-11.4014],[75.4786,-13.7277],[74.175,-16.4577]]},"properties":{"id":375,"group":"trails","name":null}},{"type":"Feature","geometry":{"type":"LineString","coordinates":[[-121.575,14.9523],[-123.69,17.2814],[-125.1314,18.0832]]},"properties":{"id":376,"group":"trails","name":null}},{"type":"Feature","geometry":{"type":"LineString","coordinates":[[79.5505,7.9364],[76.1659,6.8032]]},"properties":{"id":377,"group":"trails","name":null}},{"type":"Feature","geometry":{"type":"LineString","coordinates":[[76.1768,27.9655],[76.0977,30.0409]]},"properties":{"id":378,"group":"trails","name":null}},{"type":"Feature","geometry":{"type":"LineString","coordinates":[[80.3386,-5.8786],[77.3386,-5.3359],[75.1309,-6.1745]]},"properties":{"id":379,"group":"trails","name":null}},{"type":"Feature","geometry":{"type":"LineString","coordinates":[[81.0518,10.305],[79.5505,7.9364]]},"properties":{"id":380,"group":"trails","name":null}},{"type":"Feature","geometry":{"type":"LineString","coordinates":[[77.3673,34.7468],[76.7864,33.2523],[76.0977,30.0409]]},"properties":{"id":381,"group":"trails","name":null}},{"type":"Feature","geometry":{"type":"LineString","coordinates":[[-128.2091,10.95],[-124.9895,11.5582]]},"properties":{"id":382,"group":"trails","name":null}},{"type":"Feature","geometry":{"type":"LineString","coordinates":[[82.6582,14.5909],[80.1395,14.9005]]},"properties":{"id":383,"group":"trails","name":null}},{"type":"Feature","geometry":{"type":"LineString","coordinates":[[82.6582,14.5909],[82.7114,12.7568],[81.0518,10.305],[81.2823,11.8445],[82.6582,14.5909]]},"properties":{"id":384,"group":"trails","name":null}},{"type":"Feature","geometry":{"type":"LineString","coordinates":[[82.7114,12.7568],[85.6295,12.0886],[87.8618,9.765],[89.1614,8.5145],[88.5791,5.6468]]},"properties":{"id":385,"group":"trails","name":null}},{"type":"Feature","geometry":{"type":"LineString","coordinates":[[78.0614,29.0659],[79.1645,27.9477],[80.58,26.9291],[81.9668,25.4645],[83.0755,22.3895],[81.8332,21.6805],[79.9868,19.4564],[79.2218,16.3159]]},"properties":{"id":386,"group":"trails","name":null}},{"type":"Feature","geometry":{"type":"LineString","coordinates":[[-129.4364,18.8318],[-128.6468,21.3],[-125.1314,18.0832]]},"properties":{"id":387,"group":"trails","name":null}},{"type":"Feature","geometry":{"type":"LineString","coordinates":[[78.9136,40.0636],[77.7627,38.6127],[77.3727,36.7773],[77.3673,34.7468]]},"properties":{"id":388,"group":"trails","name":null}},{"type":"Feature","geometry":{"type":"LineString","coordinates":[[80.5268,30.4786],[79.1645,27.9477]]},"properties":{"id":389,"group":"trails","name":null}},{"type":"Feature","geometry":{"type":"LineString","coordinates":[[-129.4364,18.8318],[-130.1659,18.2032],[-130.4659,17.1627],[-131.0932,15.9845],[-131.1,14.5636],[-132.9205,15.2318]]},"properties":{"id":390,"group":"trails","name":null}},{"type":"Feature","geometry":{"type":"LineString","coordinates":[[-128.6945,12.4855],[-129.57,13.6895],[-131.1,14.5636]]},"properties":{"id":391,"group":"trails","name":null}},{"type":"Feature","geometry":{"type":"LineString","coordinates":[[-128.2091,10.95],[-128.6945,12.4855]]},"properties":{"id":392,"group":"trails","name":null}},{"type":"Feature","geometry":{"type":"LineString","coordinates":[[81.9314,31.8927],[80.9182,32.9727],[79.3814,33.7186],[77.3673,34.7468]]},"properties":{"id":393,"group":"trails","name":null}},{"type":"Feature","geometry":{"type":"LineString","coordinates":[[77.3959,42.6286],[78.4868,41.4409],[78.9136,40.0636]]},"properties":{"id":394,"group":"trails","name":null}},{"type":"Feature","geometry":{"type":"LineString","coordinates":[[85.2259,28.9214],[84.9286,28.0964],[84.6082,27.0232],[83.5582,26.1068],[81.9668,25.4645]]},"properties":{"id":395,"group":"trails","name":null}},{"type":"Feature","geometry":{"type":"LineString","coordinates":[[88.95,-9.1364],[87.9436,-7.9964],[86.5623,-7.3868],[84.7091,-6.2182],[82.6964,-5.55],[80.3386,-5.8786]]},"properties":{"id":396,"group":"trails","name":null}},{"type":"Feature","geometry":{"type":"LineString","coordinates":[[89.1614,8.5145],[90.4473,8.3823],[91.5,7.5],[92.7436,7.0036],[94.3909,7.2955],[96.2059,6.0982],[96.5127,10.1427],[97.3636,8.6045],[98.3386,7.125],[96.2059,6.0982]]},"properties":{"id":397,"group":"trails","name":null}},{"type":"Feature","geometry":{"type":"LineString","coordinates":[[87.2905,32.955],[85.2259,28.9214]]},"properties":{"id":398,"group":"trails","name":null}},{"type":"Feature","geometry":{"type":"LineString","coordinates":[[91.815,12.9259],[90.6695,10.3105],[90.4473,8.3823]]},"properties":{"id":399,"group":"trails","name":null}},{"type":"Feature","geometry":{"type":"LineString","coordinates":[[97.2245,15.0177],[95.9877,11.9141],[96.5127,10.1427]]},"properties":{"id":400,"group":"trails","name":null}},{"type":"Feature","geometry":{"type":"LineString","coordinates":[[98.3386,7.125],[99.4936,8.4927],[100.56,9.105]]},"properties":{"id":401,"group":"trails","name":null}},{"type":"Feature","geometry":{"type":"LineString","coordinates":[[144.1827,-14.6318],[141.8891,-10.9309],[141.0764,-9.3709],[139.5859,-8.5009],[139.8014,-4.395],[138.7391,-3.7882],[138.3164,-2.5855],[138.5045,-1.4318],[139.1714,-0.4595],[139.9023,1.1332],[141.0573,2.1573],[145.1005,1.875],[146.6277,2.6018],[148.6541,2.6809],[151.7864,1.6827],[155.2105,2.4191],[155.8964,0.6682],[156.2495,-0.2114],[158.1614,-2.0536]]},"properties":{"id":402,"group":"trails","name":null}},{"type":"Feature","geometry":{"type":"LineString","coordinates":[[144.1827,-14.6318],[141.9205,-12.7841],[141.8864,-14.5636],[141.8564,-16.3527],[142.2832,-17.49],[141.7636,-19.3636],[140.3768,-19.6186],[138.7636,-20.9591],[138.7255,-23.8759],[135.5345,-24.2918],[136.7059,-23.91],[138.7255,-23.8759]]},"properties":{"id":403,"group":"trails","name":null}},{"type":"Feature","geometry":{"type":"LineString","coordinates":[[147.1309,-13.9855],[145.6459,-13.8205],[144.1827,-14.6318]]},"properties":{"id":404,"group":"trails","name":null}},{"type":"Feature","geometry":{"type":"LineString","coordinates":[[139.5859,-8.5009],[138.6041,-10.8286],[137.2227,-12.3177],[134.8868,-12.8741],[135.3586,-11.52],[135.195,-10.1768],[133.3555,-9.0818],[131.565,-8.895],[131.4136,-7.5],[131.2664,-6.1159],[131.6332,-3.915],[132.3395,-2.8595],[134.625,-1.2191]]},"properties":{"id":405,"group":"trails","name":null}},{"type":"Feature","geometry":{"type":"LineString","coordinates":[[141.7636,-19.3636],[141.7773,-21.2414],[142.8559,-23.1245],[143.1818,-24.87],[144.15,-25.9773],[142.5055,-27.7268],[140.7532,-28.5982],[139.635,-30.0477],[136.3323,-29.3427],[136.0555,-30.7855],[135.5482,-31.4359],[131.835,-32.7682],[132.6055,-34.2832],[132.5509,-35.8268]]},"properties":{"id":406,"group":"trails","name":null}},{"type":"Feature","geometry":{"type":"LineString","coordinates":[[157.1032,-10.7305],[155.2882,-11.16],[152.6659,-11.3809],[150.1145,-13.2627],[151.4223,-14.0509],[152.3932,-15.1336],[154.0227,-16.6227],[155.6577,-18.105],[156.15,-19.6636]]},"properties":{"id":407,"group":"trails","name":null}},{"type":"Feature","geometry":{"type":"LineString","coordinates":[[150.1145,-13.2627],[148.6364,-13.29],[147.1309,-13.9855]]},"properties":{"id":408,"group":"trails","name":null}},{"type":"Feature","geometry":{"type":"LineString","coordinates":[[136.0991,-16.6486],[135.375,-15.0532],[134.8868,-12.8741]]},"properties":{"id":409,"group":"trails","name":null}},{"type":"Feature","geometry":{"type":"LineString","coordinates":[[154.8955,-19.8136],[156.15,-19.6636],[158.4736,-18.3532]]},"properties":{"id":410,"group":"trails","name":null}},{"type":"Feature","geometry":{"type":"LineString","coordinates":[[157.4509,-7.9173],[157.1032,-10.7305]]},"properties":{"id":411,"group":"trails","name":null}},{"type":"Feature","geometry":{"type":"LineString","coordinates":[[138.7636,-20.9591],[137.2214,-21.2305],[135.4009,-20.1627],[133.3595,-19.0105],[134.1573,-17.8977],[136.0991,-16.6486],[135.24,-18.12],[133.3595,-19.0105]]},"properties":{"id":412,"group":"trails","name":null}},{"type":"Feature","geometry":{"type":"LineString","coordinates":[[155.0632,-22.5736],[154.8955,-19.8136]]},"properties":{"id":413,"group":"trails","name":null}},{"type":"Feature","geometry":{"type":"LineString","coordinates":[[135.9736,-1.9445],[138.3164,-2.5855]]},"properties":{"id":414,"group":"trails","name":null}},{"type":"Feature","geometry":{"type":"LineString","coordinates":[[131.565,-8.895],[130.3568,-9.7432]]},"properties":{"id":415,"group":"trails","name":null}},{"type":"Feature","geometry":{"type":"LineString","coordinates":[[135.9736,-1.9445],[134.625,-1.2191],[134.7518,1.1632]]},"properties":{"id":416,"group":"trails","name":null}},{"type":"Feature","geometry":{"type":"LineString","coordinates":[[141.0573,2.1573],[140.0782,3.1732]]},"properties":{"id":417,"group":"trails","name":null}},{"type":"Feature","geometry":{"type":"LineString","coordinates":[[155.0632,-22.5736],[155.8391,-22.9636],[156.0995,-24.1377],[155.0823,-25.8873],[153.3818,-27.1227],[153.0914,-28.4168],[152.1014,-29.8855]]},"properties":{"id":418,"group":"trails","name":null}},{"type":"Feature","geometry":{"type":"LineString","coordinates":[[142.8559,-23.1245],[138.7255,-23.8759]]},"properties":{"id":419,"group":"trails","name":null}},{"type":"Feature","geometry":{"type":"LineString","coordinates":[[155.4232,-6.3164],[157.4509,-7.9173],[160.5968,-7.8395],[162.6845,-8.9373]]},"properties":{"id":420,"group":"trails","name":null}},{"type":"Feature","geometry":{"type":"LineString","coordinates":[[132.3395,-2.8595],[131.7791,-2.0182]]},"properties":{"id":421,"group":"trails","name":null}},{"type":"Feature","geometry":{"type":"LineString","coordinates":[[161.5255,-11.1245],[160.5968,-7.8395]]},"properties":{"id":422,"group":"trails","name":null}},{"type":"Feature","geometry":{"type":"LineString","coordinates":[[155.4232,-6.3164],[157.6705,-4.7495],[158.1614,-2.0536]]},"properties":{"id":423,"group":"trails","name":null}},{"type":"Feature","geometry":{"type":"LineString","coordinates":[[144.1786,6.6055],[142.6486,5.7886],[139.7768,4.9241],[140.0782,3.1732]]},"properties":{"id":424,"group":"trails","name":null}},{"type":"Feature","geometry":{"type":"LineString","coordinates":[[161.5255,-11.1245],[162.6845,-8.9373]]},"properties":{"id":425,"group":"trails","name":null}},{"type":"Feature","geometry":{"type":"LineString","coordinates":[[128.4273,-4.2409],[129.105,-5.9714],[131.4136,-7.5]]},"properties":{"id":426,"group":"trails","name":null}},{"type":"Feature","geometry":{"type":"LineString","coordinates":[[126.8018,-10.6745],[129.0791,-10.6459],[130.3568,-9.7432]]},"properties":{"id":427,"group":"trails","name":null}},{"type":"Feature","geometry":{"type":"LineString","coordinates":[[148.7727,-29.4409],[147.27,-29.0523],[146.0891,-27.7977],[145.44,-26.7614],[144.15,-25.9773]]},"properties":{"id":428,"group":"trails","name":null}},{"type":"Feature","geometry":{"type":"LineString","coordinates":[[156.0995,-24.1377],[157.2136,-25.3364],[156.4091,-26.1955],[157.5545,-26.7995],[158.3523,-27.9845]]},"properties":{"id":429,"group":"trails","name":null}},{"type":"Feature","geometry":{"type":"LineString","coordinates":[[156.4091,-26.1955],[155.0823,-25.8873]]},"properties":{"id":430,"group":"trails","name":null}},{"type":"Feature","geometry":{"type":"LineString","coordinates":[[155.2105,2.4191],[155.2282,3.8741],[157.1523,6.3955],[160.335,8.1955],[162.6655,6.84],[164.1464,4.23],[162.5495,3.2809],[161.3318,1.455],[160.6295,0.2864],[158.1614,-2.0536]]},"properties":{"id":431,"group":"trails","name":null}},{"type":"Feature","geometry":{"type":"LineString","coordinates":[[127.1209,-17.0618],[128.9768,-17.7982],[133.3595,-19.0105]]},"properties":{"id":432,"group":"trails","name":null}},{"type":"Feature","geometry":{"type":"LineString","coordinates":[[147.2141,7.17],[147.4691,4.95],[148.6541,2.6809]]},"properties":{"id":433,"group":"trails","name":null}},{"type":"Feature","geometry":{"type":"LineString","coordinates":[[162.3968,-18.9532],[161.7586,-20.0264],[160.8805,-21.5714],[158.4736,-18.3532]]},"properties":{"id":434,"group":"trails","name":null}},{"type":"Feature","geometry":{"type":"LineString","coordinates":[[126.2373,-14.5582],[127.8968,-13.1768],[126.8018,-10.6745],[124.59,-8.9605],[125.7873,-7.7182],[125.8445,-5.9441],[127.2709,-5.4914],[128.4273,-4.2409]]},"properties":{"id":435,"group":"trails","name":null}},{"type":"Feature","geometry":{"type":"LineString","coordinates":[[131.6591,2.64],[134.7518,1.1632]]},"properties":{"id":436,"group":"trails","name":null}},{"type":"Feature","geometry":{"type":"LineString","coordinates":[[148.7727,-29.4409],[150.5155,-29.3073],[152.1014,-29.8855]]},"properties":{"id":437,"group":"trails","name":null}},{"type":"Feature","geometry":{"type":"LineString","coordinates":[[137.1505,6.615],[139.7768,4.9241]]},"properties":{"id":438,"group":"trails","name":null}},{"type":"Feature","geometry":{"type":"LineString","coordinates":[[136.3323,-29.3427],[136.8668,-26.5009],[135.5345,-24.2918]]},"properties":{"id":439,"group":"trails","name":null}},{"type":"Feature","geometry":{"type":"LineString","coordinates":[[134.1777,5.2459],[131.1327,4.4345]]},"properties":{"id":440,"group":"trails","name":null}},{"type":"Feature","geometry":{"type":"LineString","coordinates":[[147.2141,7.17],[146.2868,9.6164],[148.6677,10.29],[150.2959,12.8332]]},"properties":{"id":441,"group":"trails","name":null}},{"type":"Feature","geometry":{"type":"LineString","coordinates":[[144.1786,6.6055],[147.2141,7.17]]},"properties":{"id":442,"group":"trails","name":null}},{"type":"Feature","geometry":{"type":"LineString","coordinates":[[127.1209,-17.0618],[126.6818,-15.8045],[126.2373,-14.5582]]},"properties":{"id":443,"group":"trails","name":null}},{"type":"Feature","geometry":{"type":"LineString","coordinates":[[122.9727,-11.7545],[123.3777,-10.1973],[124.59,-8.9605]]},"properties":{"id":444,"group":"trails","name":null}},{"type":"Feature","geometry":{"type":"LineString","coordinates":[[134.1777,5.2459],[137.1505,6.615],[136.9282,9.6355],[134.73,10.62],[136.8273,13.0732]]},"properties":{"id":445,"group":"trails","name":null}},{"type":"Feature","geometry":{"type":"LineString","coordinates":[[139.635,-30.0477],[141.2441,-31.1264],[143.0155,-34.1482],[139.8491,-36.9682],[139.1032,-39.6791],[137.4218,-40.0064],[135.5373,-41.25],[131.1627,-40.3705],[130.9909,-39.1227],[130.9677,-37.7318],[132.5509,-35.8268]]},"properties":{"id":446,"group":"trails","name":null}},{"type":"Feature","geometry":{"type":"LineString","coordinates":[[161.5214,-27.4377],[160.2041,-26.235],[158.3523,-27.9845]]},"properties":{"id":447,"group":"trails","name":null}},{"type":"Feature","geometry":{"type":"LineString","coordinates":[[160.5041,-33.8618],[160.9991,-32.4232],[160.5873,-31.2136],[159.8045,-29.2364],[158.3523,-27.9845]]},"properties":{"id":448,"group":"trails","name":null}},{"type":"Feature","geometry":{"type":"LineString","coordinates":[[164.1355,-24.0941],[165.7868,-22.4495]]},"properties":{"id":449,"group":"trails","name":null}},{"type":"Feature","geometry":{"type":"LineString","coordinates":[[169.3023,-28.8627],[168.5632,-27.7936],[168.4023,-26.5105],[167.9318,-24.9682],[167.4545,-23.4286],[165.7868,-22.4495]]},"properties":{"id":450,"group":"trails","name":null}},{"type":"Feature","geometry":{"type":"LineString","coordinates":[[164.1355,-24.0941],[162.8318,-25.7727],[161.5214,-27.4377]]},"properties":{"id":451,"group":"trails","name":null}},{"type":"Feature","geometry":{"type":"LineString","coordinates":[[168.0655,-16.395],[165.5741,-17.2977],[162.3968,-18.9532]]},"properties":{"id":452,"group":"trails","name":null}},{"type":"Feature","geometry":{"type":"LineString","coordinates":[[161.7586,-20.0264],[165.7868,-22.4495]]},"properties":{"id":453,"group":"trails","name":null}},{"type":"Feature","geometry":{"type":"LineString","coordinates":[[125.8445,-5.9441],[124.8,-3.9136],[123.8973,-2.0318],[122.3782,-1.4564],[122.7955,0.3545],[123.2005,2.1668],[123.2727,3.6545],[123.3532,5.1423],[124.2545,6.6682],[126.4077,9.0655],[127.2055,9.2182],[127.2191,9.9573],[130.9555,9.3286]]},"properties":{"id":454,"group":"trails","name":null}},{"type":"Feature","geometry":{"type":"LineString","coordinates":[[131.6591,2.64],[131.1327,4.4345]]},"properties":{"id":455,"group":"trails","name":null}},{"type":"Feature","geometry":{"type":"LineString","coordinates":[[156.8332,12.3259],[157.7755,10.2873],[160.335,8.1955]]},"properties":{"id":456,"group":"trails","name":null}},{"type":"Feature","geometry":{"type":"LineString","coordinates":[[132.4295,12.3123],[134.73,10.62]]},"properties":{"id":457,"group":"trails","name":null}},{"type":"Feature","geometry":{"type":"LineString","coordinates":[[134.1777,5.2459],[133.6282,7.1659],[130.9555,9.3286],[132.4295,12.3123],[134.1832,13.9691],[135.5386,16.6677],[136.2014,17.8036],[138.4118,16.7264],[141.6273,17.4927],[144.4391,17.5677],[146.1982,18.4145]]},"properties":{"id":458,"group":"trails","name":null}},{"type":"Feature","geometry":{"type":"LineString","coordinates":[[158.16,-36.6886],[157.0091,-36.0955],[155.7177,-35.37],[154.8641,-33.1241],[152.1014,-29.8855]]},"properties":{"id":459,"group":"trails","name":null}},{"type":"Feature","geometry":{"type":"LineString","coordinates":[[134.1832,13.9691],[136.8273,13.0732]]},"properties":{"id":460,"group":"trails","name":null}},{"type":"Feature","geometry":{"type":"LineString","coordinates":[[163.3268,11.8732],[161.8391,10.5191],[160.335,8.1955]]},"properties":{"id":461,"group":"trails","name":null}},{"type":"Feature","geometry":{"type":"LineString","coordinates":[[147.0736,15.7255],[147.8209,13.9241],[150.2959,12.8332]]},"properties":{"id":462,"group":"trails","name":null}},{"type":"Feature","geometry":{"type":"LineString","coordinates":[[147.0736,15.7255],[146.1982,18.4145],[149.52,19.9486]]},"properties":{"id":463,"group":"trails","name":null}},{"type":"Feature","geometry":{"type":"LineString","coordinates":[[153.9873,17.5882],[153.9095,15.4868],[153.0027,14.07],[150.2959,12.8332]]},"properties":{"id":464,"group":"trails","name":null}},{"type":"Feature","geometry":{"type":"LineString","coordinates":[[139.1032,-39.6791],[141.7977,-41.3414]]},"properties":{"id":465,"group":"trails","name":null}},{"type":"Feature","geometry":{"type":"LineString","coordinates":[[131.79,15.795],[134.1832,13.9691]]},"properties":{"id":466,"group":"trails","name":null}},{"type":"Feature","geometry":{"type":"LineString","coordinates":[[156.8332,12.3259],[155.0877,13.4073],[155.1955,15.1595],[156.5877,16.5832],[157.7768,16.3295],[159.3477,16.6773],[162.2182,16.5082],[163.6636,17.0455],[164.6659,18.1541],[165.1241,19.7264],[166.68,18.3559],[167.7614,17.3482],[169.3555,16.9036]]},"properties":{"id":467,"group":"trails","name":null}},{"type":"Feature","geometry":{"type":"LineString","coordinates":[[153.9873,17.5882],[152.2268,19.0036],[149.52,19.9486]]},"properties":{"id":468,"group":"trails","name":null}},{"type":"Feature","geometry":{"type":"LineString","coordinates":[[136.2014,17.8036],[135.0532,19.3091],[136.605,20.1518],[137.7695,22.3186]]},"properties":{"id":469,"group":"trails","name":null}},{"type":"Feature","geometry":{"type":"LineString","coordinates":[[160.5041,-33.8618],[159.7214,-35.5773],[158.16,-36.6886],[157.5,-38.1],[156.5455,-39.06],[155.2909,-39.4091],[156.0545,-40.9118],[157.6909,-41.8636]]},"properties":{"id":470,"group":"trails","name":null}},{"type":"Feature","geometry":{"type":"LineString","coordinates":[[156.4514,22.7836],[155.2691,20.4805],[153.9873,17.5882],[156.5877,16.5832]]},"properties":{"id":471,"group":"trails","name":null}},{"type":"Feature","geometry":{"type":"LineString","coordinates":[[135.5373,-41.25],[134.8268,-43.0473],[135.2755,-46.1536],[135.8686,-47.8964]]},"properties":{"id":472,"group":"trails","name":null}},{"type":"Feature","geometry":{"type":"LineString","coordinates":[[163.3445,-39.1664],[161.9182,-37.6773],[159.7214,-35.5773]]},"properties":{"id":473,"group":"trails","name":null}},{"type":"Feature","geometry":{"type":"LineString","coordinates":[[131.1627,-40.3705],[129.7418,-41.6018],[129.8877,-42.5591],[129.1841,-43.0009],[127.8955,-44.2091],[125.9182,-46.6295]]},"properties":{"id":474,"group":"trails","name":null}},{"type":"Feature","geometry":{"type":"LineString","coordinates":[[131.79,15.795],[130.7032,17.3264],[128.8473,18.2114]]},"properties":{"id":475,"group":"trails","name":null}},{"type":"Feature","geometry":{"type":"LineString","coordinates":[[132.1214,21.4718],[135.0532,19.3091]]},"properties":{"id":476,"group":"trails","name":null}},{"type":"Feature","geometry":{"type":"LineString","coordinates":[[162.2182,16.5082],[163.0609,14.7995],[163.3268,11.8732]]},"properties":{"id":477,"group":"trails","name":null}},{"type":"Feature","geometry":{"type":"LineString","coordinates":[[162.2182,16.5082],[163.1632,19.0486]]},"properties":{"id":478,"group":"trails","name":null}},{"type":"Feature","geometry":{"type":"LineString","coordinates":[[142.9105,25.455],[142.7591,22.17],[144.5141,20.1859],[146.1982,18.4145]]},"properties":{"id":479,"group":"trails","name":null}},{"type":"Feature","geometry":{"type":"LineString","coordinates":[[150.5386,-49.4032],[152.4982,-49.2518],[154.1305,-47.9373],[155.8664,-46.7945],[157.4836,-44.6536],[157.6909,-41.8636]]},"properties":{"id":480,"group":"trails","name":null}},{"type":"Feature","geometry":{"type":"LineString","coordinates":[[157.4836,-44.6536],[160.5409,-44.5364]]},"properties":{"id":481,"group":"trails","name":null}},{"type":"Feature","geometry":{"type":"LineString","coordinates":[[126.3995,20.6645],[127.5873,19.1427],[128.8473,18.2114]]},"properties":{"id":482,"group":"trails","name":null}},{"type":"Feature","geometry":{"type":"LineString","coordinates":[[130.7032,17.3264],[131.5268,20.5691],[132.1214,21.4718],[133.0773,23.0318],[133.4045,24.5741],[132.5209,25.9609],[130.6091,27.1773],[131.9605,27.4609],[133.9964,28.0786]]},"properties":{"id":483,"group":"trails","name":null}},{"type":"Feature","geometry":{"type":"LineString","coordinates":[[136.7877,24.9927],[137.7695,22.3186]]},"properties":{"id":484,"group":"trails","name":null}},{"type":"Feature","geometry":{"type":"LineString","coordinates":[[156.4514,22.7836],[155.8105,23.1723],[154.9105,24.6682],[156.6805,25.4468],[159.7036,26.0114],[159.7855,26.7164],[161.6645,27.2277],[163.8477,28.1032],[165.2277,29.7136],[165.6409,32.1955],[167.1327,33.3095]]},"properties":{"id":485,"group":"trails","name":null}},{"type":"Feature","geometry":{"type":"LineString","coordinates":[[150.5386,-49.4032],[150.15,-46.8927],[148.5518,-44.445],[147.66,-44.4982],[146.3795,-43.935],[144.7173,-43.17],[143.5336,-41.8609],[141.7977,-41.3414]]},"properties":{"id":486,"group":"trails","name":null}},{"type":"Feature","geometry":{"type":"LineString","coordinates":[[163.3445,-39.1664],[163.4918,-40.965],[162.9491,-42.3273],[161.5227,-43.3091],[160.5409,-44.5364]]},"properties":{"id":487,"group":"trails","name":null}},{"type":"Feature","geometry":{"type":"LineString","coordinates":[[162.9477,-50.6005],[163.1809,-49.635],[164.2268,-46.2777],[162.4227,-45.4364],[160.5409,-44.5364]]},"properties":{"id":488,"group":"trails","name":null}},{"type":"Feature","geometry":{"type":"LineString","coordinates":[[142.9105,25.455],[142.9773,27.1405],[144.0436,28.5982],[145.4045,29.8377],[146.4259,32.445],[147.2127,29.1641],[148.1823,28.6077],[149.4545,28.5191],[151.5736,29.1845],[155.6277,28.4864]]},"properties":{"id":489,"group":"trails","name":null}},{"type":"Feature","geometry":{"type":"LineString","coordinates":[[142.9105,25.455],[140.6509,28.0159]]},"properties":{"id":490,"group":"trails","name":null}},{"type":"Feature","geometry":{"type":"LineString","coordinates":[[136.7877,24.9927],[138.4923,25.3473],[140.6509,28.0159]]},"properties":{"id":491,"group":"trails","name":null}},{"type":"Feature","geometry":{"type":"LineString","coordinates":[[136.7877,24.9927],[133.9964,28.0786]]},"properties":{"id":492,"group":"trails","name":null}},{"type":"Feature","geometry":{"type":"LineString","coordinates":[[123.3777,-10.1973],[121.2955,-9.1023]]},"properties":{"id":493,"group":"trails","name":null}},{"type":"Feature","geometry":{"type":"LineString","coordinates":[[123.4773,18.1991],[126.3995,20.6645]]},"properties":{"id":494,"group":"trails","name":null}},{"type":"Feature","geometry":{"type":"LineString","coordinates":[[156.375,28.1141],[155.6277,28.4864],[156.6873,30.0873],[156.6873,32.7423],[156.5755,35.2173]]},"properties":{"id":495,"group":"trails","name":null}},{"type":"Feature","geometry":{"type":"LineString","coordinates":[[154.9105,24.6682],[156.375,28.1141],[159.7855,26.7164]]},"properties":{"id":496,"group":"trails","name":null}},{"type":"Feature","geometry":{"type":"LineString","coordinates":[[130.6091,27.1773],[129.2591,26.8909]]},"properties":{"id":497,"group":"trails","name":null}},{"type":"Feature","geometry":{"type":"LineString","coordinates":[[156.4255,-53.2336],[153.3341,-53.1914],[151.5668,-52.3036],[150.5386,-49.4032],[149.1477,-50.2855],[147.4855,-50.535],[145.395,-52.7236],[144.3436,-52.8709],[143.1259,-53.7423],[141.2455,-55.5709],[138.8045,-56.3127],[138.5114,-54.9191],[137.4082,-50.7382],[135.8686,-47.8964]]},"properties":{"id":498,"group":"trails","name":null}},{"type":"Feature","geometry":{"type":"LineString","coordinates":[[130.2205,31.395],[131.0141,29.9182],[130.6909,28.4182],[130.6091,27.1773]]},"properties":{"id":499,"group":"trails","name":null}},{"type":"Feature","geometry":{"type":"LineString","coordinates":[[141.825,33.705],[143.9673,32.3714],[146.4259,32.445]]},"properties":{"id":500,"group":"trails","name":null}},{"type":"Feature","geometry":{"type":"LineString","coordinates":[[162.9477,-50.6005],[159.9736,-52.1686],[158.7409,-52.0091],[156.4255,-53.2336]]},"properties":{"id":501,"group":"trails","name":null}},{"type":"Feature","geometry":{"type":"LineString","coordinates":[[130.2205,31.395],[133.6868,33.7309],[133.7005,35.2486],[135.1145,36.5645],[137.1245,37.1782],[138.7064,36.9014],[139.6882,35.9441],[141.825,33.705]]},"properties":{"id":502,"group":"trails","name":null}},{"type":"Feature","geometry":{"type":"LineString","coordinates":[[130.2205,31.395],[129.6505,32.4109],[128.4886,32.3495],[127.4318,34.3364],[127.0214,35.7136],[126.9655,38.2227]]},"properties":{"id":503,"group":"trails","name":null}},{"type":"Feature","geometry":{"type":"LineString","coordinates":[[149.0223,-58.4891],[147.6927,-55.3773],[145.395,-52.7236]]},"properties":{"id":504,"group":"trails","name":null}},{"type":"Feature","geometry":{"type":"LineString","coordinates":[[155.1464,-59.6536],[155.3455,-57.7909],[155.4014,-56.0727],[155.445,-54.9136],[156.4255,-53.2336]]},"properties":{"id":505,"group":"trails","name":null}},{"type":"Feature","geometry":{"type":"LineString","coordinates":[[146.9795,35.6877],[146.4259,32.445]]},"properties":{"id":506,"group":"trails","name":null}},{"type":"Feature","geometry":{"type":"LineString","coordinates":[[143.085,-59.895],[141.1705,-59.5623],[139.4932,-58.1509],[138.8045,-56.3127]]},"properties":{"id":507,"group":"trails","name":null}},{"type":"Feature","geometry":{"type":"LineString","coordinates":[[131.7082,-57.0027],[132.5714,-58.5955]]},"properties":{"id":508,"group":"trails","name":null}},{"type":"Feature","geometry":{"type":"LineString","coordinates":[[153.3341,-53.1914],[150.4786,-57.48],[149.0223,-58.4891],[146.5541,-58.1918],[145.5477,-58.8245],[143.085,-59.895],[143.6045,-61.2955],[144.4705,-62.4995],[145.3118,-62.9236]]},"properties":{"id":509,"group":"trails","name":null}},{"type":"Feature","geometry":{"type":"LineString","coordinates":[[137.3864,-61.8955],[138.8509,-61.47],[141.1705,-59.5623]]},"properties":{"id":510,"group":"trails","name":null}},{"type":"Feature","geometry":{"type":"LineString","coordinates":[[149.8827,36.9845],[148.4182,40.4591],[150.0886,41.1436]]},"properties":{"id":511,"group":"trails","name":null}},{"type":"Feature","geometry":{"type":"LineString","coordinates":[[146.9795,35.6877],[149.8827,36.9845]]},"properties":{"id":512,"group":"trails","name":null}},{"type":"Feature","geometry":{"type":"LineString","coordinates":[[155.0591,41.1955],[154.4591,39.4882],[153.5414,38.985],[152.6318,38.9727],[149.8827,36.9845]]},"properties":{"id":513,"group":"trails","name":null}},{"type":"Feature","geometry":{"type":"LineString","coordinates":[[155.1464,-59.6536],[155.8841,-61.17],[155.8432,-62.925],[154.3691,-64.3773]]},"properties":{"id":514,"group":"trails","name":null}},{"type":"Feature","geometry":{"type":"LineString","coordinates":[[138.7064,36.9014],[140.5309,38.9523],[142.3473,40.2082],[143.4955,42.0545],[143.9455,43.5955],[145.5914,44.5323]]},"properties":{"id":515,"group":"trails","name":null}},{"type":"Feature","geometry":{"type":"LineString","coordinates":[[137.3864,-61.8955],[138.6341,-64.6186],[138.5086,-65.4791]]},"properties":{"id":516,"group":"trails","name":null}},{"type":"Feature","geometry":{"type":"LineString","coordinates":[[150.3245,-64.3718],[148.2491,-65.865],[146.1232,-64.1127],[145.3118,-62.9236]]},"properties":{"id":517,"group":"trails","name":null}},{"type":"Feature","geometry":{"type":"LineString","coordinates":[[150.3245,-64.3718],[153.105,-63.7009],[154.3691,-64.3773]]},"properties":{"id":518,"group":"trails","name":null}},{"type":"Feature","geometry":{"type":"LineString","coordinates":[[154.4591,39.4882],[155.6905,38.6005],[156.3545,37.2682],[156.5755,35.2173]]},"properties":{"id":519,"group":"trails","name":null}},{"type":"Feature","geometry":{"type":"LineString","coordinates":[[156.3545,37.2682],[158.0795,37.6105],[160.9745,36.8605],[161.8664,35.9523],[163.8477,35.3018],[167.1327,33.3095]]},"properties":{"id":520,"group":"trails","name":null}},{"type":"Feature","geometry":{"type":"LineString","coordinates":[[137.3864,-61.8955],[136.0159,-61.5682],[134.7423,-60.4786],[133.6636,-59.5364],[132.5714,-58.5955]]},"properties":{"id":521,"group":"trails","name":null}},{"type":"Feature","geometry":{"type":"LineString","coordinates":[[138.8509,-61.47],[138.6341,-64.6186]]},"properties":{"id":522,"group":"trails","name":null}},{"type":"Feature","geometry":{"type":"LineString","coordinates":[[148.2491,-65.865],[146.535,-69.0668],[145.4836,-69.4514],[142.02,-67.2436],[138.5086,-65.4791]]},"properties":{"id":523,"group":"trails","name":null}},{"type":"Feature","geometry":{"type":"LineString","coordinates":[[150.2223,43.2627],[150.5632,41.7314],[151.3773,40.7864],[152.655,40.4318],[155.0591,41.1955],[157.7809,42.795],[158.8636,43.3364],[160.08,43.74]]},"properties":{"id":524,"group":"trails","name":null}},{"type":"Feature","geometry":{"type":"LineString","coordinates":[[150.2223,43.2627],[148.6773,44.4805],[147.1364,44.7409],[145.5914,44.5323]]},"properties":{"id":525,"group":"trails","name":null}},{"type":"Feature","geometry":{"type":"LineString","coordinates":[[160.9745,36.8605],[162.045,38.2268],[162.7991,40.7727],[164.1873,42.1309]]},"properties":{"id":526,"group":"trails","name":null}},{"type":"Feature","geometry":{"type":"LineString","coordinates":[[163.3486,42.7118],[164.1873,42.1309]]},"properties":{"id":527,"group":"trails","name":null}},{"type":"Feature","geometry":{"type":"LineString","coordinates":[[163.3486,42.7118],[162.45,43.65],[161.5555,44.5923],[160.08,43.74],[159.2045,45.45],[158.3236,47.1559],[156.2577,47.5991],[154.845,47.205]]},"properties":{"id":528,"group":"trails","name":null}},{"type":"Feature","geometry":{"type":"LineString","coordinates":[[142.5055,-73.3295],[143.6345,-74.355],[144.0573,-75.7009]]},"properties":{"id":529,"group":"trails","name":null}},{"type":"Feature","geometry":{"type":"LineString","coordinates":[[145.4836,-69.4514],[142.5055,-73.3295]]},"properties":{"id":530,"group":"trails","name":null}},{"type":"Feature","geometry":{"type":"LineString","coordinates":[[-143.7532,40.7386],[-143.0045,38.9727],[-143.0195,37.4209],[-143.7955,36.0777]]},"properties":{"id":531,"group":"trails","name":null}},{"type":"Feature","geometry":{"type":"LineString","coordinates":[[-143.0195,37.4209],[-139.6173,37.2955],[-137.7968,38.4736]]},"properties":{"id":532,"group":"trails","name":null}},{"type":"Feature","geometry":{"type":"LineString","coordinates":[[-131.3236,42.5959],[-132.8086,42.0805],[-134.0045,40.8545],[-135.345,40.7523],[-136.5682,39.6136],[-137.7968,38.4736]]},"properties":{"id":533,"group":"trails","name":null}},{"type":"Feature","geometry":{"type":"LineString","coordinates":[[-131.3236,42.5959],[-129.6327,43.1809],[-128.835,43.8886]]},"properties":{"id":534,"group":"trails","name":null}},{"type":"Feature","geometry":{"type":"LineString","coordinates":[[107.8555,42.0191],[106.4182,42.3955],[105.4173,43.1932],[104.8623,44.4014],[104.7355,46.0514],[105.3355,47.76],[105.2973,49.5259]]},"properties":{"id":535,"group":"trails","name":null}},{"type":"Feature","geometry":{"type":"LineString","coordinates":[[-155.6045,28.0091],[-156.9409,28.0773]]},"properties":{"id":536,"group":"trails","name":null}},{"type":"Feature","geometry":{"type":"LineString","coordinates":[[-151.0336,20.4995],[-151.8136,22.05],[-152.6059,23.6073],[-152.7464,24.4432],[-153.6177,26.7436],[-155.6045,28.0091]]},"properties":{"id":537,"group":"trails","name":null}},{"type":"Feature","geometry":{"type":"LineString","coordinates":[[-162.1732,4.5095],[-163.83,2.4873]]},"properties":{"id":538,"group":"trails","name":null}},{"type":"Feature","geometry":{"type":"LineString","coordinates":[[-162.3409,1.4182],[-163.83,2.4873]]},"properties":{"id":539,"group":"trails","name":null}},{"type":"Feature","geometry":{"type":"LineString","coordinates":[[-153.8455,6.7227],[-153.495,5.3018],[-154.9091,5.7014],[-156.1636,5.9864],[-157.2395,5.6482],[-158.1273,4.6868],[-162.1732,4.5095]]},"properties":{"id":540,"group":"trails","name":null}},{"type":"Feature","geometry":{"type":"LineString","coordinates":[[-150.9845,1.9595],[-151.8286,4.0173],[-153.495,5.3018]]},"properties":{"id":541,"group":"trails","name":null}},{"type":"Feature","geometry":{"type":"LineString","coordinates":[[-162.3409,1.4182],[-162.36,-0.2591],[-162.0682,-1.4973],[-161.1886,-2.2691],[-160.74,-4.5327]]},"properties":{"id":542,"group":"trails","name":null}},{"type":"Feature","geometry":{"type":"LineString","coordinates":[[-33.3955,-36.8386],[-32.6727,-33.0627],[-34.1468,-30.8632],[-32.9605,-29.4164]]},"properties":{"id":543,"group":"trails","name":null}},{"type":"Feature","geometry":{"type":"LineString","coordinates":[[-32.6727,-33.0627],[-30.6395,-33.5155],[-27.6736,-31.7755],[-26.5964,-32.0986],[-25.6405,-31.8],[-23.9727,-31.6841],[-22.7195,-32.9045],[-21.9245,-34.9009],[-23.01,-36.2986],[-23.2773,-38.3414],[-24.51,-39.5291],[-24.8905,-41.88],[-26.2595,-43.4373],[-27.1036,-44.88],[-28.935,-45.8714]]},"properties":{"id":544,"group":"trails","name":null}},{"type":"Feature","geometry":{"type":"LineString","coordinates":[[-33.3955,-36.8386],[-33.6859,-37.4986],[-33.1323,-41.8855],[-35.6332,-42.2332],[-39.2059,-43.3623],[-41.4109,-42.9245],[-43.9636,-41.0114],[-44.6277,-38.4927],[-46.1768,-36.8673],[-49.2832,-35.5227],[-47.3509,-34.9923],[-46.1918,-33.8086],[-46.0486,-32.0127]]},"properties":{"id":545,"group":"trails","name":null}},{"type":"Feature","geometry":{"type":"LineString","coordinates":[[-31.695,-36.7841],[-33.3955,-36.8386]]},"properties":{"id":546,"group":"trails","name":null}},{"type":"Feature","geometry":{"type":"LineString","coordinates":[[-30.6395,-33.5155],[-31.695,-36.7841]]},"properties":{"id":547,"group":"trails","name":null}},{"type":"Feature","geometry":{"type":"LineString","coordinates":[[-38.0127,-34.1482],[-37.0336,-32.9877],[-35.7682,-32.0318],[-34.1468,-30.8632]]},"properties":{"id":548,"group":"trails","name":null}},{"type":"Feature","geometry":{"type":"LineString","coordinates":[[-33.1323,-41.8855],[-32.8486,-42.8373]]},"properties":{"id":549,"group":"trails","name":null}},{"type":"Feature","geometry":{"type":"LineString","coordinates":[[-37.4605,-27.0723],[-36.6491,-28.6364],[-34.1468,-30.8632]]},"properties":{"id":550,"group":"trails","name":null}},{"type":"Feature","geometry":{"type":"LineString","coordinates":[[-35.4682,-25.5682],[-34.1741,-25.4645],[-32.9605,-29.4164]]},"properties":{"id":551,"group":"trails","name":null}},{"type":"Feature","geometry":{"type":"LineString","coordinates":[[-27.4077,-29.3332],[-27.6736,-31.7755]]},"properties":{"id":552,"group":"trails","name":null}},{"type":"Feature","geometry":{"type":"LineString","coordinates":[[-30.3927,-43.3745],[-32.8486,-42.8373]]},"properties":{"id":553,"group":"trails","name":null}},{"type":"Feature","geometry":{"type":"LineString","coordinates":[[-30.1773,-24.7773],[-31.1018,-25.1359],[-31.1986,-26.2609],[-30.7186,-27.6845],[-27.4077,-29.3332]]},"properties":{"id":554,"group":"trails","name":null}},{"type":"Feature","geometry":{"type":"LineString","coordinates":[[-30.3927,-43.3745],[-28.8505,-42.9014],[-28.935,-45.8714],[-25.1755,-48.7227],[-25.6268,-50.895],[-27.5441,-53.3864],[-28.2314,-55.8791],[-27.5482,-59.6168]]},"properties":{"id":555,"group":"trails","name":null}},{"type":"Feature","geometry":{"type":"LineString","coordinates":[[-24.5086,-26.6836],[-26.1627,-27.5509],[-27.4077,-29.3332]]},"properties":{"id":556,"group":"trails","name":null}},{"type":"Feature","geometry":{"type":"LineString","coordinates":[[-21.9245,-34.9009],[-20.6073,-32.8186],[-17.5077,-35.1286]]},"properties":{"id":557,"group":"trails","name":null}},{"type":"Feature","geometry":{"type":"LineString","coordinates":[[-38.0127,-34.1482],[-40.7414,-33.7486],[-44.3305,-31.5355],[-46.0486,-32.0127]]},"properties":{"id":558,"group":"trails","name":null}},{"type":"Feature","geometry":{"type":"LineString","coordinates":[[-42.6,-27.2127],[-40.7045,-28.2955],[-39.0723,-27.9423],[-36.6491,-28.6364]]},"properties":{"id":559,"group":"trails","name":null}},{"type":"Feature","geometry":{"type":"LineString","coordinates":[[-37.4605,-27.0723],[-35.4136,-27.0545],[-35.4682,-25.5682]]},"properties":{"id":560,"group":"trails","name":null}},{"type":"Feature","geometry":{"type":"LineString","coordinates":[[-24.5086,-26.6836],[-24.915,-24.0914],[-24.1882,-23.9414]]},"properties":{"id":561,"group":"trails","name":null}},{"type":"Feature","geometry":{"type":"LineString","coordinates":[[-30.1773,-24.7773],[-29.5405,-21.9068],[-27.6409,-22.5545],[-24.915,-24.0914]]},"properties":{"id":562,"group":"trails","name":null}},{"type":"Feature","geometry":{"type":"LineString","coordinates":[[-34.1741,-25.4645],[-31.8505,-25.5014],[-30.1773,-24.7773]]},"properties":{"id":563,"group":"trails","name":null}},{"type":"Feature","geometry":{"type":"LineString","coordinates":[[-35.28,-48.5564],[-34.1945,-46.665],[-32.8486,-42.8373]]},"properties":{"id":564,"group":"trails","name":null}},{"type":"Feature","geometry":{"type":"LineString","coordinates":[[-39.2059,-43.3623],[-41.1518,-45.6859],[-40.1577,-49.8095]]},"properties":{"id":565,"group":"trails","name":null}},{"type":"Feature","geometry":{"type":"LineString","coordinates":[[-42.6,-27.2127],[-43.6568,-28.8805],[-45.4023,-29.7518],[-44.3305,-31.5355]]},"properties":{"id":566,"group":"trails","name":null}},{"type":"Feature","geometry":{"type":"LineString","coordinates":[[-20.4095,-26.1818],[-22.2641,-25.6855],[-24.5086,-26.6836]]},"properties":{"id":567,"group":"trails","name":null}},{"type":"Feature","geometry":{"type":"LineString","coordinates":[[-20.4205,-29.3195],[-20.2364,-31.4918],[-20.6073,-32.8186]]},"properties":{"id":568,"group":"trails","name":null}},{"type":"Feature","geometry":{"type":"LineString","coordinates":[[-20.4095,-26.1818],[-20.4205,-29.3195]]},"properties":{"id":569,"group":"trails","name":null}},{"type":"Feature","geometry":{"type":"LineString","coordinates":[[-18.2359,-28.56],[-20.4205,-29.3195]]},"properties":{"id":570,"group":"trails","name":null}},{"type":"Feature","geometry":{"type":"LineString","coordinates":[[-20.4095,-26.1818],[-19.1714,-25.2736],[-19.0445,-22.5886],[-18.1636,-21.435],[-16.4264,-19.1741],[-16.7768,-16.4932],[-16.5382,-15.9627],[-15.2318,-14.6591],[-14.0305,-12.1309]]},"properties":{"id":571,"group":"trails","name":null}},{"type":"Feature","geometry":{"type":"LineString","coordinates":[[-18.5305,-44.2105],[-20.2105,-42.975],[-20.7764,-41.5636],[-23.2773,-38.3414]]},"properties":{"id":572,"group":"trails","name":null}},{"type":"Feature","geometry":{"type":"LineString","coordinates":[[-18.2359,-28.56],[-17.97,-30.1786]]},"properties":{"id":573,"group":"trails","name":null}},{"type":"Feature","geometry":{"type":"LineString","coordinates":[[-14.8541,-29.0891],[-17.97,-30.1786]]},"properties":{"id":574,"group":"trails","name":null}},{"type":"Feature","geometry":{"type":"LineString","coordinates":[[-12.8141,-33.48],[-15.0395,-33.7023],[-17.5077,-35.1286]]},"properties":{"id":575,"group":"trails","name":null}},{"type":"Feature","geometry":{"type":"LineString","coordinates":[[-15.2618,-47.2923],[-18.5305,-44.2105]]},"properties":{"id":576,"group":"trails","name":null}},{"type":"Feature","geometry":{"type":"LineString","coordinates":[[-35.28,-48.5564],[-37.6923,-48.7118],[-40.1577,-49.8095]]},"properties":{"id":577,"group":"trails","name":null}},{"type":"Feature","geometry":{"type":"LineString","coordinates":[[-49.2832,-35.5227],[-49.9459,-37.9173],[-51.2373,-39.2345],[-52.0623,-40.1264],[-53.2405,-40.4959]]},"properties":{"id":578,"group":"trails","name":null}},{"type":"Feature","geometry":{"type":"LineString","coordinates":[[-42.0423,-54.2155],[-41.9986,-52.0745],[-40.1577,-49.8095]]},"properties":{"id":579,"group":"trails","name":null}},{"type":"Feature","geometry":{"type":"LineString","coordinates":[[-14.8541,-29.0891],[-14.2786,-32.0332],[-12.8141,-33.48],[-10.7386,-36.7773],[-8.7055,-39.5645],[-7.68,-41.6045],[-8.4873,-43.4114],[-10.4673,-45.1991],[-8.0305,-46.9882],[-8.4545,-48.6068]]},"properties":{"id":580,"group":"trails","name":null}},{"type":"Feature","geometry":{"type":"LineString","coordinates":[[-12.8141,-33.48],[-10.4495,-32.505]]},"properties":{"id":581,"group":"trails","name":null}},{"type":"Feature","geometry":{"type":"LineString","coordinates":[[-41.9986,-52.0745],[-46.0595,-51.5264],[-48.9014,-51.6014],[-49.9391,-49.8477],[-51.1309,-48.2891],[-51.4527,-46.6309],[-51.9191,-44.0809],[-53.1136,-42.9818],[-53.2405,-40.4959]]},"properties":{"id":582,"group":"trails","name":null}},{"type":"Feature","geometry":{"type":"LineString","coordinates":[[-8.6877,-31.2341],[-10.4495,-32.505]]},"properties":{"id":583,"group":"trails","name":null}},{"type":"Feature","geometry":{"type":"LineString","coordinates":[[-8.2214,-35.1027],[-10.4495,-32.505]]},"properties":{"id":584,"group":"trails","name":null}},{"type":"Feature","geometry":{"type":"LineString","coordinates":[[-10.4673,-45.1991],[-11.5895,-43.92],[-13.2805,-43.4114],[-14.5732,-44.6768],[-15.2618,-47.2923],[-14.0345,-48.8141],[-13.1223,-50.6645],[-15.3218,-52.7673],[-16.9186,-53.8145],[-17.3673,-55.6295],[-19.5777,-55.4973],[-20.9959,-56.3755],[-23.145,-57.4691],[-25.0445,-60.0777],[-26.1791,-59.4573],[-27.5482,-59.6168]]},"properties":{"id":585,"group":"trails","name":null}},{"type":"Feature","geometry":{"type":"LineString","coordinates":[[-8.2214,-35.1027],[-10.7386,-36.7773]]},"properties":{"id":586,"group":"trails","name":null}},{"type":"Feature","geometry":{"type":"LineString","coordinates":[[-42.0423,-54.2155],[-43.2205,-58.2873]]},"properties":{"id":587,"group":"trails","name":null}},{"type":"Feature","geometry":{"type":"LineString","coordinates":[[-10.0186,-29.7164],[-8.6877,-31.2341]]},"properties":{"id":588,"group":"trails","name":null}},{"type":"Feature","geometry":{"type":"LineString","coordinates":[[-6.4909,-33.4609],[-7.7823,-32.4055],[-8.6877,-31.2341]]},"properties":{"id":589,"group":"trails","name":null}},{"type":"Feature","geometry":{"type":"LineString","coordinates":[[-6.4909,-33.4609],[-8.2214,-35.1027]]},"properties":{"id":590,"group":"trails","name":null}},{"type":"Feature","geometry":{"type":"LineString","coordinates":[[-7.6214,-27.33],[-7.4509,-26.1341],[-7.4864,-24.4909],[-8.0127,-23.1859],[-9.0409,-22.2273],[-10.5641,-21.6286],[-11.2118,-20.5418],[-10.8395,-18.8345],[-9.5645,-17.0755],[-9.5673,-16.2123],[-10.5682,-14.7136],[-11.5636,-13.2109],[-12.7909,-12.6682],[-14.0305,-12.1309]]},"properties":{"id":591,"group":"trails","name":null}},{"type":"Feature","geometry":{"type":"LineString","coordinates":[[-10.0186,-29.7164],[-8.4873,-28.9009],[-7.6214,-27.33]]},"properties":{"id":592,"group":"trails","name":null}},{"type":"Feature","geometry":{"type":"LineString","coordinates":[[-9.8809,-49.1768],[-9.9136,-51.2045],[-13.1223,-50.6645]]},"properties":{"id":593,"group":"trails","name":null}},{"type":"Feature","geometry":{"type":"LineString","coordinates":[[-9.8809,-49.1768],[-8.4545,-48.6068]]},"properties":{"id":594,"group":"trails","name":null}},{"type":"Feature","geometry":{"type":"LineString","coordinates":[[-8.0305,-46.9882],[-6.8864,-45.3],[-5.7436,-43.5995],[-5.1545,-41.8909],[-4.5668,-40.185],[-4.4018,-38.4764],[-8.7055,-39.5645]]},"properties":{"id":595,"group":"trails","name":null}},{"type":"Feature","geometry":{"type":"LineString","coordinates":[[-9.9136,-51.2045],[-9.9982,-52.2586]]},"properties":{"id":596,"group":"trails","name":null}},{"type":"Feature","geometry":{"type":"LineString","coordinates":[[-51.4527,-46.6309],[-53.6018,-46.7918],[-56.025,-47.2827],[-57.5386,-48.4582],[-58.7795,-48.4145],[-60.3409,-48.0818]]},"properties":{"id":597,"group":"trails","name":null}},{"type":"Feature","geometry":{"type":"LineString","coordinates":[[-61.5682,-52.35],[-61.0636,-51.9],[-60.2686,-50.2977],[-60.3409,-48.0818]]},"properties":{"id":598,"group":"trails","name":null}},{"type":"Feature","geometry":{"type":"LineString","coordinates":[[-61.5682,-52.35],[-61.9227,-52.4182]]},"properties":{"id":599,"group":"trails","name":null}},{"type":"Feature","geometry":{"type":"LineString","coordinates":[[84.8509,-41.7791],[89.0073,-41.9932],[92.0495,-42.5455],[91.0077,-43.3786],[90.6955,-44.8227],[91.3636,-46.5164],[92.5514,-47.4955],[90.9818,-50.2227]]},"properties":{"id":600,"group":"trails","name":null}},{"type":"Feature","geometry":{"type":"LineString","coordinates":[[84.8509,-41.7791],[84.0832,-40.5764],[82.3473,-39.2523],[85.6759,-37.905],[86.3305,-35.9727],[88.0773,-33.0341],[91.1018,-32.1668],[94.2314,-32.7395],[95.4341,-33.645]]},"properties":{"id":601,"group":"trails","name":null}},{"type":"Feature","geometry":{"type":"LineString","coordinates":[[84.8509,-41.7791],[81.9723,-43.7918],[79.2736,-45.3314],[78.6545,-44.1545],[78.6395,-43.1073],[78.6545,-41.7341],[77.5459,-39.4909]]},"properties":{"id":602,"group":"trails","name":null}},{"type":"Feature","geometry":{"type":"LineString","coordinates":[[81.3832,-37.9855],[82.5818,-36.75],[82.6582,-33.5686],[85.6473,-32.61],[88.0773,-33.0341]]},"properties":{"id":603,"group":"trails","name":null}},{"type":"Feature","geometry":{"type":"LineString","coordinates":[[81.3832,-37.9855],[79.3909,-38.8091],[77.5459,-39.4909]]},"properties":{"id":604,"group":"trails","name":null}},{"type":"Feature","geometry":{"type":"LineString","coordinates":[[82.3473,-39.2523],[81.3832,-37.9855]]},"properties":{"id":605,"group":"trails","name":null}},{"type":"Feature","geometry":{"type":"LineString","coordinates":[[79.455,-49.1386],[79.8123,-47.2323],[79.2736,-45.3314]]},"properties":{"id":606,"group":"trails","name":null}},{"type":"Feature","geometry":{"type":"LineString","coordinates":[[89.7491,-52.9377],[88.9091,-51.5045],[87.6532,-50.8336],[85.7686,-51.5864],[84.1991,-53.2595],[82.5245,-52.6009],[81.4541,-51.0314],[79.455,-49.1386],[77.5391,-50.1409],[75.1636,-49.8409],[73.0145,-50.5855],[72.8986,-52.38],[72.6055,-53.6686],[73.1045,-55.1318],[72.6832,-56.8541],[74.1409,-58.1264],[75.5318,-58.8136],[76.9295,-59.49]]},"properties":{"id":607,"group":"trails","name":null}},{"type":"Feature","geometry":{"type":"LineString","coordinates":[[92.9114,-51.0859],[91.2136,-51.4159],[89.7491,-52.9377]]},"properties":{"id":608,"group":"trails","name":null}},{"type":"Feature","geometry":{"type":"LineString","coordinates":[[92.9114,-51.0859],[92.1041,-52.7073],[92.1955,-54.0955],[92.7368,-55.3773],[94.0773,-56.3182]]},"properties":{"id":609,"group":"trails","name":null}},{"type":"Feature","geometry":{"type":"LineString","coordinates":[[92.0495,-42.5455],[92.9059,-37.9841],[92.9605,-36.2864],[95.4341,-33.645],[98.1395,-35.9986],[101.5568,-36.2209],[104.0686,-36.7227],[105.7105,-38.4859],[108.0914,-40.2736],[108.5591,-43.1045],[108.36,-44.925],[108.9545,-46.3636],[109.335,-47.7464],[109.0909,-49.2682],[108.2182,-50.9141],[107.4777,-51.3191],[106.9091,-52.4864],[106.335,-53.6482],[106.7427,-55.4645],[106.8955,-56.85],[105.5045,-59.0318]]},"properties":{"id":610,"group":"trails","name":null}},{"type":"Feature","geometry":{"type":"LineString","coordinates":[[97.71,-54.8577],[96.5591,-56.0591],[94.0773,-56.3182]]},"properties":{"id":611,"group":"trails","name":null}},{"type":"Feature","geometry":{"type":"LineString","coordinates":[[82.5245,-52.6009],[79.8,-54.4227],[77.685,-55.3323],[77.0359,-56.0741],[76.7864,-57.4636],[76.9295,-59.49]]},"properties":{"id":612,"group":"trails","name":null}},{"type":"Feature","geometry":{"type":"LineString","coordinates":[[94.2314,-32.7395],[94.0677,-30.0027],[95.505,-29.1914],[98.3945,-28.5914]]},"properties":{"id":613,"group":"trails","name":null}},{"type":"Feature","geometry":{"type":"LineString","coordinates":[[89.4545,-27.5045],[88.7291,-30.1486],[88.0773,-33.0341]]},"properties":{"id":614,"group":"trails","name":null}},{"type":"Feature","geometry":{"type":"LineString","coordinates":[[97.71,-54.8577],[98.4941,-56.7559],[100.2136,-57.2864],[101.1805,-58.5709],[102.5727,-59.1955],[103.965,-59.8132],[105.5045,-59.0318]]},"properties":{"id":615,"group":"trails","name":null}},{"type":"Feature","geometry":{"type":"LineString","coordinates":[[94.1182,-25.5818],[93.615,-28.1536],[94.0677,-30.0027]]},"properties":{"id":616,"group":"trails","name":null}},{"type":"Feature","geometry":{"type":"LineString","coordinates":[[108.0914,-40.2736],[109.1236,-37.9541],[109.3132,-35.8323],[110.445,-34.1673],[111.8523,-31.8436],[113.8773,-30.5959],[115.4455,-29.9741]]},"properties":{"id":617,"group":"trails","name":null}},{"type":"Feature","geometry":{"type":"LineString","coordinates":[[109.7305,-54.9259],[108.0273,-54.2864],[106.335,-53.6482]]},"properties":{"id":618,"group":"trails","name":null}},{"type":"Feature","geometry":{"type":"LineString","coordinates":[[94.1182,-25.5818],[94.1959,-24.2864],[94.95,-23.3591],[96.0273,-21.2591]]},"properties":{"id":619,"group":"trails","name":null}},{"type":"Feature","geometry":{"type":"LineString","coordinates":[[89.4545,-27.5045],[91.1127,-26.9823],[92.4668,-25.8641],[94.1182,-25.5818]]},"properties":{"id":620,"group":"trails","name":null}},{"type":"Feature","geometry":{"type":"LineString","coordinates":[[103.9773,-24.8768],[102.2591,-25.8955],[100.5259,-25.7823],[99.7077,-26.1],[98.3945,-28.5914]]},"properties":{"id":621,"group":"trails","name":null}},{"type":"Feature","geometry":{"type":"LineString","coordinates":[[107.4491,-26.0959],[109.3582,-25.0991],[110.8227,-26.6591],[111.7091,-27.9818],[112.6077,-29.3114],[113.8773,-30.5959]]},"properties":{"id":622,"group":"trails","name":null}},{"type":"Feature","geometry":{"type":"LineString","coordinates":[[103.9773,-24.8768],[105.7227,-26.0455],[107.4491,-26.0959]]},"properties":{"id":623,"group":"trails","name":null}},{"type":"Feature","geometry":{"type":"LineString","coordinates":[[68.5064,-46.2273],[69.6968,-44.7627]]},"properties":{"id":624,"group":"trails","name":null}},{"type":"Feature","geometry":{"type":"LineString","coordinates":[[-65.6318,-72.6395],[-67.0145,-74.3905],[-68.0182,-77.76],[-66.7173,-77.3345],[-65.2091,-77.5077],[-63.9682,-78.1636],[-62.73,-78.8127],[-61.2682,-80.5227],[-59.835,-81.81],[-58.4455,-82.2409],[-57.0777,-82.2368],[-55.6773,-82.2955],[-54.2659,-82.3623],[-53.0318,-81.8864],[-51.7855,-81.4118],[-50.2091,-80.5773],[-48.6382,-79.7359],[-47.3455,-77.8636],[-45.96,-77.1859],[-44.5227,-76.8995],[-43.0336,-77.2186],[-42.1964,-79.6145]]},"properties":{"id":625,"group":"trails","name":null}},{"type":"Feature","geometry":{"type":"LineString","coordinates":[[-63.3095,-72.2986],[-65.6318,-72.6395]]},"properties":{"id":626,"group":"trails","name":null}},{"type":"Feature","geometry":{"type":"LineString","coordinates":[[-75.9518,-67.0255],[-73.5409,-65.9727],[-72.1364,-66.3368],[-70.8273,-66.3955],[-69.5182,-66.4541],[-67.6364,-67.6486],[-67.0486,-68.505],[-65.6318,-72.6395]]},"properties":{"id":627,"group":"trails","name":null}},{"type":"Feature","geometry":{"type":"LineString","coordinates":[[-62.5895,-65.7423],[-64.0527,-67.7345],[-64.3159,-69.8795],[-63.3095,-72.2986]]},"properties":{"id":628,"group":"trails","name":null}},{"type":"Feature","geometry":{"type":"LineString","coordinates":[[-75.9518,-67.0255],[-74.2555,-68.55],[-75.9914,-68.9509],[-77.7409,-70.1182],[-79.4864,-71.2895],[-81.4664,-71.7464],[-83.25,-70.8545],[-85.0377,-69.9532],[-86.0877,-68.4436],[-86.4477,-67.3268],[-87.1227,-66.7364],[-88.2682,-66.6409]]},"properties":{"id":629,"group":"trails","name":null}},{"type":"Feature","geometry":{"type":"LineString","coordinates":[[-89.76,-74.4218],[-88.2818,-73.9227]]},"properties":{"id":630,"group":"trails","name":null}},{"type":"Feature","geometry":{"type":"LineString","coordinates":[[-43.0336,-77.2186],[-41.6986,-76.7809],[-39.39,-74.0386],[-37.2314,-75.0382],[-38.3523,-77.0386],[-37.5818,-79.8136],[-38.9591,-79.7291],[-40.5818,-79.6773],[-42.1964,-79.6145]]},"properties":{"id":631,"group":"trails","name":null}},{"type":"Feature","geometry":{"type":"LineString","coordinates":[[-36.6,-72.255],[-37.2314,-75.0382]]},"properties":{"id":632,"group":"trails","name":null}},{"type":"Feature","geometry":{"type":"LineString","coordinates":[[-36.6,-72.255],[-35.2091,-71.8909]]},"properties":{"id":633,"group":"trails","name":null}},{"type":"Feature","geometry":{"type":"LineString","coordinates":[[-37.5818,-79.8136],[-36.2059,-79.8845],[-34.785,-78.5959],[-34.0691,-76.3977],[-37.2314,-75.0382]]},"properties":{"id":634,"group":"trails","name":null}},{"type":"Feature","geometry":{"type":"LineString","coordinates":[[-97.1973,-70.1591],[-97.0295,-71.4273],[-96.1364,-72.6955]]},"properties":{"id":635,"group":"trails","name":null}},{"type":"Feature","geometry":{"type":"LineString","coordinates":[[-90.9136,-72.9791],[-91.4318,-71.4],[-92.6877,-70.9664],[-93.4091,-71.2732],[-93.7091,-71.6591],[-94.8014,-72.4364],[-96.1364,-72.6955]]},"properties":{"id":636,"group":"trails","name":null}},{"type":"Feature","geometry":{"type":"LineString","coordinates":[[-89.76,-74.4218],[-90.9136,-72.9791],[-89.4545,-70.1727],[-88.7768,-68.1832],[-88.2682,-66.6409]]},"properties":{"id":637,"group":"trails","name":null}},{"type":"Feature","geometry":{"type":"LineString","coordinates":[[76.5818,-80.1818],[75.0273,-80.4409]]},"properties":{"id":638,"group":"trails","name":null}},{"type":"Feature","geometry":{"type":"LineString","coordinates":[[-13.1809,-78.99],[-13.7045,-77.7409],[-14.4068,-76.7455],[-15.4909,-76.2409]]},"properties":{"id":639,"group":"trails","name":null}},{"type":"Feature","geometry":{"type":"LineString","coordinates":[[12.9791,-73.74],[12.0409,-75.0136],[11.0986,-76.2818],[10.2273,-77.25],[9.345,-78.2127],[8.2773,-78.9409]]},"properties":{"id":640,"group":"trails","name":null}},{"type":"Feature","geometry":{"type":"LineString","coordinates":[[-16.7768,-16.4932],[-18.3805,-16.2355],[-18.7336,-13.8859],[-18.3818,-12.6],[-18.0327,-11.325],[-15.6518,-11.5186],[-14.1818,-10.5955],[-12.7214,-9.6709],[-11.9045,-9.8045],[-11.4941,-11.3223],[-10.0909,-11.4273],[-10.0636,-11.8091],[-8.6359,-12.2905],[-7.95,-14.1],[-7.2627,-15.9055],[-6.8318,-17.4818],[-6.4145,-19.0527],[-5.6727,-20.3318],[-6.1773,-21.3136],[-6.2618,-22.5982],[-5.7409,-24.4636],[-5.2268,-26.3305],[-3.0968,-26.2555],[-1.8464,-25.4032]]},"properties":{"id":641,"group":"searoutes","name":null}},{"type":"Feature","geometry":{"type":"LineString","coordinates":[[-16.5382,-15.9627],[-18.3805,-16.2355]]},"properties":{"id":642,"group":"searoutes","name":null}},{"type":"Feature","geometry":{"type":"LineString","coordinates":[[-18.7336,-13.8859],[-19.9773,-12.5318],[-20.9018,-11.4014]]},"properties":{"id":643,"group":"searoutes","name":null}},{"type":"Feature","geometry":{"type":"LineString","coordinates":[[-1.6064,-33.2045],[-2.7109,-31.7291],[-3.6082,-33.495],[-3.0955,-34.7727],[-2.5732,-36.0518],[-1.9227,-37.3636],[-3.3764,-38.415],[-4.4018,-38.4764]]},"properties":{"id":644,"group":"searoutes","name":null}},{"type":"Feature","geometry":{"type":"LineString","coordinates":[[-3.0968,-26.2555],[-3.5182,-27.5455],[-3.9464,-28.8245],[-3.3273,-30.2727],[-2.7109,-31.7291],[-1.5709,-32.2936]]},"properties":{"id":645,"group":"searoutes","name":null}},{"type":"Feature","geometry":{"type":"LineString","coordinates":[[-11.5664,-7.6636],[-12.3232,-8.295],[-12.7214,-9.6709]]},"properties":{"id":646,"group":"searoutes","name":null}},{"type":"Feature","geometry":{"type":"LineString","coordinates":[[0.7977,-41.7845],[-0.3736,-41.1709],[-2.0836,-40.6105],[-2.7273,-39.5182],[-3.3764,-38.415]]},"properties":{"id":647,"group":"searoutes","name":null}},{"type":"Feature","geometry":{"type":"LineString","coordinates":[[-29.5405,-21.9068],[-29.5364,-19.95],[-31.3609,-20.2841],[-32.8364,-20.0182],[-34.3227,-19.7495],[-35.7695,-20.4532],[-35.9182,-21.9],[-36.0614,-23.3345],[-37.5136,-23.8364],[-38.9523,-24.3273],[-38.5091,-25.6364],[-38.07,-26.9345],[-37.4605,-27.0723]]},"properties":{"id":648,"group":"searoutes","name":null}},{"type":"Feature","geometry":{"type":"LineString","coordinates":[[-1.8341,-49.08],[-3.4732,-48.4759],[-4.6364,-49.1455],[-5.8077,-49.8273],[-7.5,-50.6318],[-9.2005,-51.4405],[-9.9136,-51.2045]]},"properties":{"id":649,"group":"searoutes","name":null}},{"type":"Feature","geometry":{"type":"LineString","coordinates":[[-0.3736,-41.1709],[-1.6364,-41.9455],[-2.8895,-42.7295],[-3.3136,-44.0455],[-3.7418,-45.3559],[-3.6136,-46.9227],[-3.4732,-48.4759],[-1.6814,-48.5005]]},"properties":{"id":650,"group":"searoutes","name":null}},{"type":"Feature","geometry":{"type":"LineString","coordinates":[[-38.9523,-24.3273],[-40.3773,-25.0909],[-41.7941,-25.86],[-42.6,-27.2127]]},"properties":{"id":651,"group":"searoutes","name":null}},{"type":"Feature","geometry":{"type":"LineString","coordinates":[[-46.0486,-32.0127],[-47.0045,-31.9159],[-46.9636,-29.9727],[-45.4023,-29.7518]]},"properties":{"id":652,"group":"searoutes","name":null}},{"type":"Feature","geometry":{"type":"LineString","coordinates":[[-47.0045,-31.9159],[-48.3982,-33.4009],[-49.95,-33.6545],[-49.2832,-35.5227]]},"properties":{"id":653,"group":"searoutes","name":null}},{"type":"Feature","geometry":{"type":"LineString","coordinates":[[-49.95,-33.6545],[-51.495,-33.9109],[-52.0295,-35.9755],[-53.4259,-36.8891],[-53.7136,-38.25],[-53.9918,-39.6109],[-53.2405,-40.4959]]},"properties":{"id":654,"group":"searoutes","name":null}},{"type":"Feature","geometry":{"type":"LineString","coordinates":[[-25.0445,-60.0777],[-26.2186,-60.9573],[-27.5086,-60.5891],[-27.5482,-59.6168]]},"properties":{"id":655,"group":"searoutes","name":null}},{"type":"Feature","geometry":{"type":"LineString","coordinates":[[-19.9773,-12.5318],[-20.3318,-13.8136],[-21.9177,-13.7414],[-22.6091,-14.9864],[-23.295,-16.2232],[-24.75,-17.1818],[-26.2023,-18.1364],[-27.7241,-19.6064],[-29.5364,-19.95]]},"properties":{"id":656,"group":"searoutes","name":null}},{"type":"Feature","geometry":{"type":"LineString","coordinates":[[-41.7941,-25.86],[-43.6227,-24.8986],[-45.1364,-24.8727],[-45.2727,-26.4682],[-46.7864,-26.4409],[-46.9173,-28.0405],[-46.9636,-29.9727]]},"properties":{"id":657,"group":"searoutes","name":null}},{"type":"Feature","geometry":{"type":"LineString","coordinates":[[-53.9918,-39.6109],[-55.65,-39.7132],[-55.5764,-41.8173],[-57.1227,-41.9864],[-58.6705,-42.1677],[-59.76,-43.8218],[-61.3868,-45.1255],[-62.8364,-46.1182],[-64.2914,-47.1055],[-65.9032,-47.7627],[-67.1045,-48.6409],[-67.9364,-50.7],[-69.4473,-51.0055],[-71.0509,-49.7782],[-72.3273,-49.3227],[-73.5982,-48.87],[-75.2182,-49.1864],[-76.8395,-49.5014],[-77.7136,-50.4409],[-78.585,-51.3668],[-79.2273,-52.9227],[-81.0955,-53.6591],[-82.3132,-52.8559],[-83.5555,-51.4623],[-84.8727,-51.3136],[-86.1995,-51.165],[-87.4541,-49.1509],[-89.8841,-49.3214],[-91.5682,-50.5909],[-93.2509,-51.8659],[-94.7536,-50.1573],[-95.5909,-49.1727],[-96.435,-48.1773],[-97.5109,-47.1341],[-98.9318,-46.35],[-101.2227,-47.3591],[-103.0909,-47.7955],[-104.0836,-46.4495],[-103.2682,-44.6318],[-102.4527,-42.8168],[-100.5232,-42.195],[-99.6136,-40.2],[-98.7068,-38.2105],[-97.3145,-38.2732],[-97.1768,-36.9136],[-95.7682,-35.5555],[-96.3409,-34.2682],[-96.9082,-32.9823],[-97.9868,-31.7741],[-99.2727,-31.1591],[-100.2273,-29.0045],[-99.9041,-27.4814],[-100.0909,-26.1955],[-101.3864,-26.25],[-102.69,-26.3141],[-104.1682,-26.25],[-105.6341,-26.19],[-106.1045,-28.5409],[-108.3832,-27.9368],[-110.5773,-27.3409],[-111.6927,-26.01],[-111.9955,-24.6818],[-112.3077,-23.3605],[-111.9545,-21.75],[-111.6123,-20.13],[-112.3636,-18.9409],[-113.1273,-17.7436],[-112.8736,-16.4073],[-111.8455,-15.5318],[-110.8241,-14.6605],[-110.6441,-13.4823],[-110.3045,-11.4818],[-109.9786,-9.4718],[-111.4091,-8.8636],[-111.3818,-7.7864],[-113.4273,-7.0636],[-114.0136,-5.8664],[-114.9818,-4.0118],[-115.2818,-1.8136],[-117.435,-0.72],[-119.1409,-0.0136],[-120.8564,0.6886],[-122.1791,0.615],[-123.5455,0.4636],[-124.8995,0.3055],[-126.3177,1.5464],[-126.9,3.1227],[-127.4864,4.71],[-126.8236,6.99],[-128.4136,7.9773],[-130.0009,8.9659],[-129.6136,10.6364],[-131.3182,12.4636],[-133.4141,12.615],[-134.5364,13.2409],[-135.6586,13.8736],[-136.3091,15.1227],[-136.9568,16.3855],[-136.5136,18.0273],[-136.08,19.6773],[-134.5773,19.3364],[-133.2818,20.6591],[-131.6591,22.7455],[-129.8482,23.1532],[-129.2455,24.3818],[-128.6468,25.6077],[-127.4864,26.4818],[-126.3286,27.3573],[-125.4818,29.4095],[-124.0636,29.9182],[-122.6345,30.4214],[-121.5955,31.2409],[-120.5577,32.0686],[-118.8136,32.9318],[-117.0641,33.7855],[-115.4045,34.2573],[-115.5,36.4636],[-113.5909,38.4273],[-111.57,38.2023],[-110.2636,39.0409],[-108.9491,39.8891],[-106.7086,40.6636],[-104.3577,39.9641],[-103.0227,39.2455],[-101.6932,38.5186],[-101.0182,37.4182],[-100.3323,36.33],[-98.5091,35.25],[-96.6791,34.1782],[-96.4936,33.7418],[-95.0836,33.6314],[-93.0273,33.7282],[-92.6727,31.9636],[-92.3141,30.2073],[-90.7227,29.7955],[-89.1409,29.3809],[-87.7364,29.0318],[-86.3441,28.6855],[-85.3214,26.9945],[-85.3636,25.6636],[-85.4155,24.3368],[-84.2318,23.7409],[-83.0455,23.1464],[-81.1091,22.6909],[-79.1836,22.2273],[-77.2077,23.1423],[-76.05,22.5],[-74.9032,21.8659],[-73.4455,21.1091],[-71.9905,20.3468],[-69.6845,19.4795],[-68.2636,19.2545],[-66.8332,19.0309],[-65.0045,19.0773],[-63.1759,19.1373],[-62.3223,19.9841],[-60.6955,20.0182],[-59.0768,20.0468],[-57.6682,19.0364],[-55.8273,19.4591],[-55.3227,19.1591],[-54.4023,20.2909],[-52.6364,20.2364],[-51.6545,18.7091],[-50.9045,16.8409],[-49.3555,16.4332],[-46.8464,16.8505],[-45.8005,15.5905],[-44.8609,15.525],[-43.3909,14.2091],[-41.9195,12.8945],[-40.3773,12.6545],[-38.8323,12.4186],[-36.9682,12.4636],[-35.8336,10.5164],[-35.7818,9.4909]]},"properties":{"id":658,"group":"searoutes","name":null}},{"type":"Feature","geometry":{"type":"LineString","coordinates":[[-43.2205,-58.2873],[-44.2459,-59.6305],[-46.4182,-59.0714],[-48.2782,-58.3677],[-50.3182,-58.7905],[-51.3955,-57.7636],[-52.47,-56.7491],[-53.8636,-56.0195],[-55.4455,-54.8727],[-57.0409,-53.7259],[-58.5818,-54.5182],[-60.7636,-56.0591],[-62.6345,-55.8395],[-64.2068,-55.7236],[-65.0318,-54.4909],[-65.8514,-53.2677],[-66.1364,-51.8318],[-67.9364,-50.7]]},"properties":{"id":659,"group":"searoutes","name":null}},{"type":"Feature","geometry":{"type":"LineString","coordinates":[[-9.9982,-52.2586],[-9.2005,-51.4405]]},"properties":{"id":660,"group":"searoutes","name":null}},{"type":"Feature","geometry":{"type":"LineString","coordinates":[[-5.8077,-49.8273],[-5.0877,-50.9359],[-5.0686,-52.7741],[-5.3455,-54.6682],[-5.6332,-56.5568],[-5.2636,-57.8727],[-4.8818,-59.1955],[-3.9273,-60.4364],[-2.9714,-61.6868],[-3.5045,-63.6545],[-5.3318,-65.1545],[-6.6259,-64.7018],[-7.7891,-64.965],[-9.3273,-65.9318],[-10.8709,-66.8945],[-12.0409,-66.3273],[-13.2123,-65.7668],[-15.2345,-67.0923],[-16.8818,-66.4636],[-18.525,-65.8336],[-19.6636,-65.1818],[-20.8036,-64.5177],[-22.4591,-64.2682],[-24.1159,-64.0064],[-25.1727,-62.4818],[-26.2186,-60.9573]]},"properties":{"id":661,"group":"searoutes","name":null}},{"type":"Feature","geometry":{"type":"LineString","coordinates":[[-3.5045,-63.6545],[-2.0564,-63.7705],[-0.6586,-64.6514],[0.0941,-65.97],[1.4959,-65.6332],[2.7409,-64.5136],[3.9968,-63.3982],[6.1677,-63.2482],[7.5136,-63.3818],[8.8541,-63.5127],[10.2409,-63.3682],[11.6864,-61.0255],[13.2545,-59.1136],[14.8623,-59.5909],[16.6145,-60.0259],[18.6409,-59.2091],[19.7864,-56.8773],[20.7273,-54.8318],[22.5395,-54.2945],[24.2727,-53.6182],[26.0141,-52.9336],[27.3695,-54.2195],[29.1682,-53.5909],[30.9695,-52.9514],[32.2555,-54.045],[33.9,-53.4818],[35.5473,-52.9105],[35.3918,-51.2045],[36.2318,-50.1955],[37.0759,-49.1768],[35.9182,-48.1909],[34.7645,-47.2009],[33.7732,-46.3964]]},"properties":{"id":662,"group":"searoutes","name":null}},{"type":"Feature","geometry":{"type":"LineString","coordinates":[[-42.6341,11.9441],[-41.9195,12.8945],[-41.3918,14.4395],[-39.5045,15.8318],[-38.8909,16.8136]]},"properties":{"id":663,"group":"searoutes","name":null}},{"type":"Feature","geometry":{"type":"LineString","coordinates":[[-60.165,-36.9123],[-59.1205,-37.6609],[-59.8227,-39.45],[-58.8955,-39.9136],[-58.6705,-42.1677]]},"properties":{"id":664,"group":"searoutes","name":null}},{"type":"Feature","geometry":{"type":"LineString","coordinates":[[-65.9032,-47.7627],[-67.785,-46.8818],[-67.1045,-45.4091]]},"properties":{"id":665,"group":"searoutes","name":null}},{"type":"Feature","geometry":{"type":"LineString","coordinates":[[-55.65,-39.7132],[-57.3818,-38.6864],[-59.1205,-37.6609]]},"properties":{"id":666,"group":"searoutes","name":null}},{"type":"Feature","geometry":{"type":"LineString","coordinates":[[-44.2459,-59.6305],[-43.0091,-60.8864],[-41.7818,-62.1491],[-43.0636,-63.9777],[-45.1636,-65.4],[-44.8255,-66.6395],[-44.1791,-68.0945],[-42.6,-68.85],[-41.0291,-69.6082],[-39.84,-69.1255],[-37.8682,-69.5182],[-35.9045,-69.915],[-34.1495,-69.6259],[-32.2364,-69.0409],[-30.5864,-70.4591],[-30.8345,-72.4623],[-29.6182,-73.05],[-28.3991,-73.6486],[-26.8977,-73.6145],[-26.25,-75.4364],[-25.5982,-77.2568],[-25.2505,-78.3709],[-24.5727,-79.8],[-25.5818,-80.4955],[-25.9255,-82.6214],[-27.0668,-83.3536],[-28.9364,-83.8227],[-30.2768,-83.3755],[-31.5682,-82.3773],[-32.8732,-81.3791],[-34.7455,-81.15],[-36.6055,-80.9114],[-38.1382,-80.8759],[-40.0091,-81.4227],[-41.88,-81.9668],[-43.65,-80.9318],[-44.7682,-80.0182],[-45.2523,-78.42],[-45.96,-77.1859]]},"properties":{"id":667,"group":"searoutes","name":null}},{"type":"Feature","geometry":{"type":"LineString","coordinates":[[-27.5086,-60.5891],[-28.2136,-61.7864],[-28.9159,-62.9932],[-30.615,-63.0232],[-31.9732,-61.2327],[-33.2045,-60.9136],[-34.4414,-60.6014],[-35.7818,-61.3636],[-37.1277,-62.1205],[-38.0618,-63.0123],[-39.75,-63.5727],[-41.7818,-62.1491]]},"properties":{"id":668,"group":"searoutes","name":null}},{"type":"Feature","geometry":{"type":"LineString","coordinates":[[-62.5895,-65.7423],[-61.6936,-64.3636],[-60.0273,-63.7773],[-60.8182,-62.3523],[-60.0764,-61.0214],[-59.6482,-59.5432],[-60.7636,-56.0591]]},"properties":{"id":669,"group":"searoutes","name":null}},{"type":"Feature","geometry":{"type":"LineString","coordinates":[[-47.1477,18.8359],[-46.8464,16.8505]]},"properties":{"id":670,"group":"searoutes","name":null}},{"type":"Feature","geometry":{"type":"LineString","coordinates":[[-54.4023,20.2909],[-55.3991,20.8977],[-54.9205,22.3555]]},"properties":{"id":671,"group":"searoutes","name":null}},{"type":"Feature","geometry":{"type":"LineString","coordinates":[[-76.8395,-49.5014],[-77.3864,-48.3273],[-77.9427,-47.145],[-76.9227,-45.0545],[-75.8959,-42.9723],[-73.7536,-43.4468],[-73.5191,-42.1036]]},"properties":{"id":672,"group":"searoutes","name":null}},{"type":"Feature","geometry":{"type":"LineString","coordinates":[[-76.9227,-45.0545],[-77.5091,-44.5364],[-78.1227,-43.6091],[-79.5177,-41.9809]]},"properties":{"id":673,"group":"searoutes","name":null}},{"type":"Feature","geometry":{"type":"LineString","coordinates":[[52.8245,-21.3736],[53.3727,-22.2641],[51.8782,-23.4109]]},"properties":{"id":674,"group":"searoutes","name":null}},{"type":"Feature","geometry":{"type":"LineString","coordinates":[[-78.1227,-43.6091],[-80.3509,-44.2445],[-81.2182,-42.3764]]},"properties":{"id":675,"group":"searoutes","name":null}},{"type":"Feature","geometry":{"type":"LineString","coordinates":[[-45.1636,-65.4],[-45.4923,-64.1509],[-47.3864,-64.0773],[-49.2777,-64.0009],[-50.4818,-64.5],[-51.1091,-63.5864],[-52.9473,-63.1595],[-54.7091,-63.5864],[-56.4845,-64.0036],[-58.3718,-63.1923],[-60.0273,-63.7773]]},"properties":{"id":676,"group":"searoutes","name":null}},{"type":"Feature","geometry":{"type":"LineString","coordinates":[[-68.0182,-77.76],[-66.7677,-78.3355],[-65.1273,-79.2273],[-63.48,-80.1259],[-62.7136,-81.3682],[-61.9595,-82.5995],[-61.4223,-83.9509],[-59.5459,-85.4618],[-58.3773,-84.6818],[-57.2018,-83.9059],[-55.5273,-84.3],[-53.8405,-84.6927],[-51.7514,-83.8636],[-50.4409,-82.8818],[-49.1345,-81.9095],[-47.7,-81.45],[-46.2668,-81.0014],[-45.7636,-79.7045],[-44.7682,-80.0182]]},"properties":{"id":677,"group":"searoutes","name":null}},{"type":"Feature","geometry":{"type":"LineString","coordinates":[[-0.2441,33.2005],[0.5918,33.6191],[1.3459,33.7145],[2.0032,34.8164],[3.6436,33.6423]]},"properties":{"id":678,"group":"searoutes","name":null}},{"type":"Feature","geometry":{"type":"LineString","coordinates":[[2.0032,34.8164],[0.7773,36.6545],[-0.4486,38.505],[-0.0764,39.3982],[-0.2864,41.5091],[-0.5045,43.6268],[-1.1755,45.7909],[-2.2909,46.6227],[-3.4036,47.4545],[-4.4591,45.2127],[-4.9541,44.4805]]},"properties":{"id":679,"group":"searoutes","name":null}},{"type":"Feature","geometry":{"type":"LineString","coordinates":[[2.0032,34.8164],[1.9909,36.7636],[1.9868,38.7232],[2.4736,39.8864],[4.1509,40.8436],[5.3727,40.4591],[6.5877,40.0759],[7.9227,40.3773],[9.2577,40.6705],[11.0864,40.0909],[12.9218,39.5182],[12.9355,38.5459]]},"properties":{"id":680,"group":"searoutes","name":null}},{"type":"Feature","geometry":{"type":"LineString","coordinates":[[-55.815,22.4891],[-55.3991,20.8977]]},"properties":{"id":681,"group":"searoutes","name":null}},{"type":"Feature","geometry":{"type":"LineString","coordinates":[[-69.6845,19.4795],[-69.8359,21.7132]]},"properties":{"id":682,"group":"searoutes","name":null}},{"type":"Feature","geometry":{"type":"LineString","coordinates":[[-75.9518,-67.0255],[-77.1477,-67.4891],[-78.0409,-66.5045],[-78.9355,-65.5282],[-78.8005,-63.2618],[-76.9555,-62.4777],[-75.6818,-62.8636],[-74.4191,-63.2523],[-73.4727,-64.1864],[-72.5168,-65.1191],[-70.8136,-64.2682],[-69.12,-63.4077],[-66.8645,-62.3864],[-65.5364,-62.2227],[-64.2109,-62.0482],[-63.1964,-62.895],[-61.6936,-64.3636]]},"properties":{"id":683,"group":"searoutes","name":null}},{"type":"Feature","geometry":{"type":"LineString","coordinates":[[24.1759,31.5955],[24.3627,32.5759],[23.85,35.4],[23.8364,37.1182],[24.8659,37.95],[26.0045,38.7409],[27.1541,39.5318],[27.7227,40.9636],[28.2955,42.3982],[28.4727,44.5186],[29.6045,45.2182],[30.7268,45.9055],[30.7023,47.0891]]},"properties":{"id":684,"group":"searoutes","name":null}},{"type":"Feature","geometry":{"type":"LineString","coordinates":[[12.9218,39.5182],[14.2091,40.05],[15.4936,40.5805],[16.245,40.5136],[17.7,40.1182],[19.1427,39.7145],[20.4068,38.7027],[21.2182,39.6955],[23.4545,39.3136],[23.8364,37.1182]]},"properties":{"id":685,"group":"searoutes","name":null}},{"type":"Feature","geometry":{"type":"LineString","coordinates":[[-76.14,18.3586],[-76.35,19.4455],[-77.8009,19.0023],[-78.3682,18.0232]]},"properties":{"id":686,"group":"searoutes","name":null}},{"type":"Feature","geometry":{"type":"LineString","coordinates":[[-80.3509,-44.2445],[-79.1359,-46.0909],[-79.4318,-47.4273],[-79.74,-48.7582],[-79.1591,-50.0591],[-78.585,-51.3668]]},"properties":{"id":687,"group":"searoutes","name":null}},{"type":"Feature","geometry":{"type":"LineString","coordinates":[[-95.7682,-35.5555],[-95.0727,-33.9955],[-94.3868,-32.4286],[-92.8636,-32.4545],[-93.0068,-31.6732]]},"properties":{"id":688,"group":"searoutes","name":null}},{"type":"Feature","geometry":{"type":"LineString","coordinates":[[-76.35,19.4455],[-74.8936,19.8927],[-73.4455,20.1136],[-71.9905,20.3468]]},"properties":{"id":689,"group":"searoutes","name":null}},{"type":"Feature","geometry":{"type":"LineString","coordinates":[[-78.9355,-65.5282],[-80.4955,-65.8364],[-81.7909,-67.4727],[-82.8955,-67.8818],[-84.2359,-66.9532],[-84.8727,-65.8091],[-85.5136,-64.6677],[-86.8227,-62.7],[-89.3359,-63.9273],[-91.6677,-64.2123],[-93.2455,-63.7909],[-94.8191,-63.3777],[-96.3409,-63.75],[-98.1,-65.4136],[-98.3332,-66.7023],[-99.2373,-68.8091],[-98.9864,-70.6364],[-98.7436,-72.4636],[-97.3268,-73.3473],[-95.6864,-74.3045],[-94.0432,-75.2645],[-92.8091,-74.7],[-91.5818,-74.1232],[-90.9136,-72.9791]]},"properties":{"id":690,"group":"searoutes","name":null}},{"type":"Feature","geometry":{"type":"LineString","coordinates":[[-66.7677,-78.3355],[-66.75,-79.95],[-68.8023,-81.0927],[-70.2955,-80.9182],[-71.7955,-80.7464],[-73.8818,-81.5905],[-75.9409,-82.2409],[-79.05,-81.8182],[-79.8682,-82.3227],[-81.7595,-81.7677],[-82.0227,-80.3864],[-82.2832,-79.0023],[-83.8364,-79.4455],[-84.1227,-78.7227],[-85.0773,-78.4909],[-86.2636,-78.5045],[-87.7786,-79.9145],[-89.4464,-79.3705],[-91.2818,-79.4591],[-92.2636,-77.8909],[-93.8005,-76.9445],[-94.0432,-75.2645]]},"properties":{"id":691,"group":"searoutes","name":null}},{"type":"Feature","geometry":{"type":"LineString","coordinates":[[43.9773,14.4],[45.4636,15.5236],[46.7591,15.9409],[48.0464,16.35],[49.6814,17.8036],[51.5591,17.2636],[51.3027,16.1005]]},"properties":{"id":692,"group":"searoutes","name":null}},{"type":"Feature","geometry":{"type":"LineString","coordinates":[[63.1186,14.0223],[63.4445,12.9573],[63.8045,10.8545],[64.1755,8.7641],[62.6059,8.6086]]},"properties":{"id":693,"group":"searoutes","name":null}},{"type":"Feature","geometry":{"type":"LineString","coordinates":[[73.0145,-50.5855],[71.6864,-49.5682],[70.68,-50.745],[69.1009,-50.6209],[67.5,-50.9045],[65.5636,-49.8614],[65.1136,-48.0955],[64.6745,-46.32],[65.0277,-44.7014],[62.3809,-42.5441],[60.0505,-41.4232],[58.7223,-39.2905],[58.8409,-37.2955],[58.9486,-35.3032],[58.2955,-33.8182],[57.6518,-32.3441],[56.7273,-31.2955],[55.7932,-30.2468],[55.2955,-28.4659],[55.0214,-26.2814],[54.1909,-24.2727],[53.3727,-22.2641],[54.0845,-21.7827]]},"properties":{"id":694,"group":"searoutes","name":null}},{"type":"Feature","geometry":{"type":"LineString","coordinates":[[58.8409,-37.2955],[57.1227,-38.9045],[55.5355,-38.5159],[53.8241,-39.3682],[52.5,-40.5273],[49.8273,-40.5818],[48.4555,-39.4718],[46.5409,-38.8773],[46.3636,-39.8727],[44.265,-40.2791],[42.5359,-41.1123],[42.4091,-42.8727],[42.2809,-44.6359],[41.2636,-45.7636],[40.2368,-46.8968],[38.6591,-48.0409],[37.0759,-49.1768]]},"properties":{"id":695,"group":"searoutes","name":null}},{"type":"Feature","geometry":{"type":"LineString","coordinates":[[69.9,-0.36],[70.2886,1.2845],[72.1636,2.1273],[74.0318,2.9645],[75.0682,1.5614],[77.2091,1.1182],[79.3486,0.6627],[80.5909,-0.4227],[81.8305,-1.5164],[83.8664,-1.9773],[84.8591,-3.4909],[85.8614,-5.0086],[87.2727,-5.2091],[88.6705,-5.4095],[90.6273,-5.3864],[91.2955,-7.5614],[91.95,-9.0818],[91.9718,-11.5391],[92.0209,-12.0777],[90.3818,-13.1455],[88.755,-14.2145],[88.6186,-15.7855],[87.1745,-16.6745],[85.2136,-16.2273],[83.2582,-15.7705],[82.4864,-17.1682],[81.705,-18.5605],[80.3045,-18.5455],[78.8973,-18.5168],[77.2364,-18.4091],[75.5795,-18.2973],[73.3568,-18.0723],[71.9182,-17.9591],[70.4877,-17.8459],[68.6168,-18.9955],[67.3636,-18.1227],[66.0968,-17.2432],[64.7182,-17.6318],[63.3327,-18.015],[63.0627,-19.7877],[62.1409,-21.2182],[61.2177,-22.6473],[60.6409,-23.8364],[60.0655,-25.0159],[59.2227,-26.2364],[58.3909,-27.4568],[56.7,-26.8636],[55.0214,-26.2814]]},"properties":{"id":696,"group":"searoutes","name":null}},{"type":"Feature","geometry":{"type":"LineString","coordinates":[[64.1755,8.7641],[65.085,8.7873],[66.2632,7.5068],[67.1455,6.4773],[68.0155,5.4614],[69.9682,3.4773],[70.2886,1.2845]]},"properties":{"id":697,"group":"searoutes","name":null}},{"type":"Feature","geometry":{"type":"LineString","coordinates":[[-96.6109,-25.4564],[-97.7386,-24.7255],[-98.9182,-25.4591],[-100.0909,-26.1955]]},"properties":{"id":698,"group":"searoutes","name":null}},{"type":"Feature","geometry":{"type":"LineString","coordinates":[[-105.6341,-26.19],[-105.8564,-24.4132]]},"properties":{"id":699,"group":"searoutes","name":null}},{"type":"Feature","geometry":{"type":"LineString","coordinates":[[-94.3868,-32.4286],[-95.6455,-32.7],[-96.9082,-32.9823]]},"properties":{"id":700,"group":"searoutes","name":null}},{"type":"Feature","geometry":{"type":"LineString","coordinates":[[-77.8009,19.0023],[-78.4909,20.6182],[-79.1836,22.2273]]},"properties":{"id":701,"group":"searoutes","name":null}},{"type":"Feature","geometry":{"type":"LineString","coordinates":[[-84.2318,23.7409],[-84.7568,22.6145],[-85.0445,21.5591]]},"properties":{"id":702,"group":"searoutes","name":null}},{"type":"Feature","geometry":{"type":"LineString","coordinates":[[-110.6441,-13.4823],[-109.05,-13.1455],[-107.4491,-12.8141],[-105.9518,-13.575],[-106.7441,-15.1418]]},"properties":{"id":703,"group":"searoutes","name":null}},{"type":"Feature","geometry":{"type":"LineString","coordinates":[[-105.0314,-12.9914],[-105.9518,-13.575]]},"properties":{"id":704,"group":"searoutes","name":null}},{"type":"Feature","geometry":{"type":"LineString","coordinates":[[70.8764,-0.0736],[70.2886,1.2845]]},"properties":{"id":705,"group":"searoutes","name":null}},{"type":"Feature","geometry":{"type":"LineString","coordinates":[[74.0318,2.9645],[72.9873,5.2855],[74.6714,5.1341]]},"properties":{"id":706,"group":"searoutes","name":null}},{"type":"Feature","geometry":{"type":"LineString","coordinates":[[51.5591,17.2636],[53.4273,16.7264],[55.0009,16.9391],[56.3332,15.4445],[57.8032,14.0345],[58.8136,13.1318],[59.8105,12.2386],[61.6227,12.6],[63.4445,12.9573]]},"properties":{"id":707,"group":"searoutes","name":null}},{"type":"Feature","geometry":{"type":"LineString","coordinates":[[82.8832,34.2968],[82.0991,35.5445],[81.7282,36.6859],[82.9023,38.5555],[85.2545,38.205],[87.0791,39.4064],[88.6186,39.27],[91.2818,39.4364],[91.9432,38.2064],[91.1455,36.9273],[92.0727,35.0864],[93.4909,33.2045],[93.1855,31.875],[92.6905,29.64],[93.1173,28.3036],[93.6955,26.2091],[94.2614,24.1159],[93.8427,22.4836],[94.2164,20.6018],[95.7136,20.1818],[97.2205,19.7577],[97.6364,18.5045],[98.0645,17.25],[98.9318,15.8318],[99.7909,14.4068],[101.3155,13.1795],[103.5573,13.0786],[104.9318,13.1455],[106.4045,11.4818],[106.4973,9.7255],[104.6591,8.5909],[102.8291,7.47],[103.4182,5.9591],[104.0005,4.44],[103.5573,2.7995],[102.0273,2.3864],[99.6805,3.0355],[99.4227,3.6614],[97.65,3.7773],[95.8882,3.8891],[93.9423,4.2914],[92.0864,4.5955],[90.2414,4.9105],[89.2227,3.3],[88.2014,1.6977],[86.1341,1.1168],[85.4209,-0.69],[83.8664,-1.9773]]},"properties":{"id":708,"group":"searoutes","name":null}},{"type":"Feature","geometry":{"type":"LineString","coordinates":[[-114.1991,0.9736],[-115.5941,0.3955],[-115.2818,-1.8136]]},"properties":{"id":709,"group":"searoutes","name":null}},{"type":"Feature","geometry":{"type":"LineString","coordinates":[[-110.3045,-11.4818],[-109.05,-13.1455]]},"properties":{"id":710,"group":"searoutes","name":null}},{"type":"Feature","geometry":{"type":"LineString","coordinates":[[-99.7732,30.7295],[-100.6145,32.5609],[-98.55,33.15],[-96.4936,33.7418]]},"properties":{"id":711,"group":"searoutes","name":null}},{"type":"Feature","geometry":{"type":"LineString","coordinates":[[-84.2318,23.7409],[-83.7136,24.8318],[-82.0132,25.3391],[-80.6577,25.8055]]},"properties":{"id":712,"group":"searoutes","name":null}},{"type":"Feature","geometry":{"type":"LineString","coordinates":[[70.68,-50.745],[69.8727,-52.0909],[69.0777,-53.445],[68.6318,-55.0909],[69.7773,-56.6455],[71.3659,-56.55],[72.6832,-56.8541]]},"properties":{"id":713,"group":"searoutes","name":null}},{"type":"Feature","geometry":{"type":"LineString","coordinates":[[-97.8205,43.9077],[-98.7136,45.0136],[-96.7282,45.5509],[-98.04,47.1382]]},"properties":{"id":714,"group":"searoutes","name":null}},{"type":"Feature","geometry":{"type":"LineString","coordinates":[[-105.36,37.8886],[-104.7109,37.8095],[-104.3577,39.9641]]},"properties":{"id":715,"group":"searoutes","name":null}},{"type":"Feature","geometry":{"type":"LineString","coordinates":[[-106.7086,40.6636],[-107.1545,42.1364],[-107.6086,43.62],[-107.1,45],[-106.5818,46.3936],[-104.1341,46.2327],[-101.9223,45.0205],[-100.7059,44.4873],[-98.7136,45.0136]]},"properties":{"id":716,"group":"searoutes","name":null}},{"type":"Feature","geometry":{"type":"LineString","coordinates":[[69.7773,-56.6455],[70.6105,-57.9286],[71.85,-59.6864],[73.1018,-61.4536],[74.4682,-61.4864],[75.825,-61.515],[77.5091,-60.9545],[79.1932,-60.3914],[79.065,-58.5123],[80.0864,-57.75],[81.1023,-56.9768],[82.6514,-56.8977],[84.1227,-56.1545],[85.6036,-55.4223],[87.5864,-54.6955],[89.5773,-53.9605],[89.7491,-52.9377]]},"properties":{"id":717,"group":"searoutes","name":null}},{"type":"Feature","geometry":{"type":"LineString","coordinates":[[-115.2464,1.6895],[-115.5941,0.3955],[-117.435,-0.72]]},"properties":{"id":718,"group":"searoutes","name":null}},{"type":"Feature","geometry":{"type":"LineString","coordinates":[[-126.8236,6.99],[-125.8582,8.28]]},"properties":{"id":719,"group":"searoutes","name":null}},{"type":"Feature","geometry":{"type":"LineString","coordinates":[[103.9773,-24.8768],[103.5927,-23.94],[104.2909,-22.0909],[103.2,-21.0409],[101.4082,-21.8577],[99.4936,-20.6318],[98.0045,-17.9864],[96.4991,-17.6864],[94.6827,-17.5473],[94.2545,-18.9545],[93.8332,-20.3577],[91.9227,-21.7568],[91.0091,-22.65],[90.09,-23.5336],[89.0455,-24.6],[87.9941,-25.6555],[86.4955,-26.5227],[84.9927,-27.3818],[83.7,-27.7091],[82.4005,-28.0309],[80.6236,-28.575],[79.95,-30.1118],[79.0609,-31.5518],[79.5491,-33.5291],[78.6491,-35.3127],[77.5909,-36.5591],[76.5259,-37.8068],[75.1091,-37.9636],[73.6841,-38.1123],[73.1455,-39.7364],[72.5945,-41.355],[72.8005,-42.7173],[73.1045,-44.8364],[73.4127,-46.965],[72.7023,-48.3955],[71.6864,-49.5682]]},"properties":{"id":720,"group":"searoutes","name":null}},{"type":"Feature","geometry":{"type":"LineString","coordinates":[[89.5773,-53.9605],[89.5923,-56.2991],[91.0909,-57.15],[92.5895,-57.9995],[94.2273,-58.0636],[95.8773,-58.1318],[98.3468,-58.0036],[98.4941,-56.7559]]},"properties":{"id":721,"group":"searoutes","name":null}},{"type":"Feature","geometry":{"type":"LineString","coordinates":[[75.0682,1.5614],[76.8409,2.3864],[78.6082,3.2209],[78.4882,3.5509]]},"properties":{"id":722,"group":"searoutes","name":null}},{"type":"Feature","geometry":{"type":"LineString","coordinates":[[78.6082,3.2209],[78.9818,1.9364],[79.3486,0.6627]]},"properties":{"id":723,"group":"searoutes","name":null}},{"type":"Feature","geometry":{"type":"LineString","coordinates":[[95.8882,3.8891],[96.2059,6.0982]]},"properties":{"id":724,"group":"searoutes","name":null}},{"type":"Feature","geometry":{"type":"LineString","coordinates":[[102.8291,7.47],[100.9936,8.3114],[99.4936,8.4927]]},"properties":{"id":725,"group":"searoutes","name":null}},{"type":"Feature","geometry":{"type":"LineString","coordinates":[[-118.8136,32.9318],[-118.4277,32.2023]]},"properties":{"id":726,"group":"searoutes","name":null}},{"type":"Feature","geometry":{"type":"LineString","coordinates":[[-100.6145,32.5609],[-100.4727,34.4455],[-101.7,35.9591],[-103.0623,35.5909],[-103.8818,36.6955],[-104.7109,37.8095]]},"properties":{"id":727,"group":"searoutes","name":null}},{"type":"Feature","geometry":{"type":"LineString","coordinates":[[87.2905,32.955],[88.6009,33.6123],[89.4682,34.6364],[90.3423,35.655],[92.0727,35.0864]]},"properties":{"id":728,"group":"searoutes","name":null}},{"type":"Feature","geometry":{"type":"LineString","coordinates":[[98.9318,15.8318],[97.2245,15.0177]]},"properties":{"id":729,"group":"searoutes","name":null}},{"type":"Feature","geometry":{"type":"LineString","coordinates":[[92.0209,-12.0777],[94.6595,-13.6077],[96.0845,-14.8582],[96.4991,-17.6864]]},"properties":{"id":730,"group":"searoutes","name":null}},{"type":"Feature","geometry":{"type":"LineString","coordinates":[[-115.5,36.4636],[-115.6077,38.6659],[-117.9164,39.7282],[-120.7118,40.3227],[-122.7559,40.4768],[-123.5891,42.1105],[-125.8991,42.2782],[-129,40.6773],[-131.2895,41.4123],[-131.3236,42.5959]]},"properties":{"id":731,"group":"searoutes","name":null}},{"type":"Feature","geometry":{"type":"LineString","coordinates":[[-128.6468,21.3],[-128.8118,21.9136],[-129.8482,23.1532]]},"properties":{"id":732,"group":"searoutes","name":null}},{"type":"Feature","geometry":{"type":"LineString","coordinates":[[-128.6945,12.4855],[-129.2318,12.3068],[-131.3182,12.4636]]},"properties":{"id":733,"group":"searoutes","name":null}},{"type":"Feature","geometry":{"type":"LineString","coordinates":[[103.5927,-23.94],[105.8523,-23.3223],[107.6864,-22.95],[109.5095,-22.5832],[110.5745,-23.2895],[113.0236,-23.7764],[113.2623,-25.6909],[114.2182,-27.4091],[115.1741,-29.1286],[115.4455,-29.9741]]},"properties":{"id":734,"group":"searoutes","name":null}},{"type":"Feature","geometry":{"type":"LineString","coordinates":[[100.9936,8.3114],[100.56,9.105]]},"properties":{"id":735,"group":"searoutes","name":null}},{"type":"Feature","geometry":{"type":"LineString","coordinates":[[124.59,-8.9605],[124.2805,-8.5568],[124.3909,-7.2],[123.4636,-7.05],[122.6455,-5.5473],[120.8591,-5.5636],[119.085,-5.5677],[118.1086,-7.5859],[118.8545,-9.2864],[119.5991,-10.9936],[119.2786,-13.4755],[118.9909,-14.9864],[118.7127,-16.5],[117.3573,-16.7414],[116.9073,-17.8432],[116.4723,-21.765],[113.0236,-23.7764]]},"properties":{"id":736,"group":"searoutes","name":null}},{"type":"Feature","geometry":{"type":"LineString","coordinates":[[123.4773,18.1991],[122.1805,17.6864],[122.6795,15.6955],[122.2636,13.5136],[123.1773,10.8818],[122.9045,8.8773],[121.3023,7.3459],[120.1091,6.2864],[120.1773,5.1682],[119.1136,3.2455],[117.0164,1.5668],[115.9486,0.4868],[114.8305,-0.1173],[112.9364,1.3091],[110.1818,1.2818],[108.6136,1.35],[107.9018,2.8759],[106.6364,3.7091],[105.3573,4.5286],[104.0005,4.44]]},"properties":{"id":737,"group":"searoutes","name":null}},{"type":"Feature","geometry":{"type":"LineString","coordinates":[[126.4077,9.0655],[126.1705,10.3582],[124.5041,10.4141],[123.1773,10.8818]]},"properties":{"id":738,"group":"searoutes","name":null}},{"type":"Feature","geometry":{"type":"LineString","coordinates":[[119.1136,3.2455],[119.3223,1.2477],[119.8677,-1.1495],[120.2223,-3.225],[120.4227,-4.6364],[120.8591,-5.5636]]},"properties":{"id":739,"group":"searoutes","name":null}},{"type":"Feature","geometry":{"type":"LineString","coordinates":[[131.835,-32.7682],[130.9882,-32.6073],[129.3273,-32.7559],[128.7477,-31.1877],[128.5636,-29.3864],[128.3768,-27.5727],[126.8823,-25.8873],[125.3455,-24.9545],[123.8114,-24.0177],[121.6077,-25.4305],[118.5682,-27.5727],[115.5,-27.5727],[115.1741,-29.1286]]},"properties":{"id":740,"group":"searoutes","name":null}},{"type":"Feature","geometry":{"type":"LineString","coordinates":[[126.1705,10.3582],[127.2191,9.9573]]},"properties":{"id":741,"group":"searoutes","name":null}},{"type":"Feature","geometry":{"type":"LineString","coordinates":[[-136.5136,18.0273],[-139.8655,19.1945],[-142.2095,20.0305],[-145.0705,21.9573],[-146.2432,20.4286],[-147.4309,19.1345],[-149.6345,18.3859],[-151.4318,18.2318],[-153.2209,18.0845],[-154.3009,14.7395],[-155.0114,12.5345],[-154.0636,10.5614],[-155.1723,8.8882],[-156.3409,9.4773],[-157.5027,10.0732],[-158.7955,10.0364],[-160.0786,10.0132],[-161.4,9.75],[-162.7282,9.4991],[-163.9773,7.8545],[-165.2864,7.05],[-166.6091,6.2332],[-166.7945,5.2036],[-165.3436,3.1732],[-163.83,2.4873]]},"properties":{"id":742,"group":"searoutes","name":null}},{"type":"Feature","geometry":{"type":"LineString","coordinates":[[-129.6136,10.6364],[-129.2318,12.3068]]},"properties":{"id":743,"group":"searoutes","name":null}},{"type":"Feature","geometry":{"type":"LineString","coordinates":[[130.2205,31.395],[128.91,31.3105],[127.3636,29.4682],[126.7364,26.6864],[127.6527,25.7564],[127.3227,23.7545],[126.9914,21.75],[126.3995,20.6645]]},"properties":{"id":744,"group":"searoutes","name":null}},{"type":"Feature","geometry":{"type":"LineString","coordinates":[[125.9182,-46.6295],[124.8327,-46.8205],[124.0636,-45.7773],[123.2959,-44.7423],[121.0432,-43.6868],[118.9036,-42.6191],[115.9773,-42.6409],[115.7277,-43.9568],[114.0123,-44.7027],[112.9732,-45.87],[111.6818,-46.7455],[110.3973,-47.6209],[110.5091,-49.8682],[110.6182,-52.1045],[110.8923,-54.0518],[110.7136,-55.6091],[109.2,-56.55],[107.9182,-57.4636],[107.9673,-58.9909],[108.1091,-60.2727],[108.255,-61.5559],[107.4682,-62.8909],[106.6745,-64.23],[105.3409,-64.5],[103.1782,-62.4968],[102.0682,-61.5955],[100.95,-60.6886],[99.6545,-59.3455],[98.3468,-58.0036]]},"properties":{"id":745,"group":"searoutes","name":null}},{"type":"Feature","geometry":{"type":"LineString","coordinates":[[129.1841,-43.0009],[128.6359,-41.9236],[127.2273,-41.55],[125.8077,-41.1695],[123.8591,-42.7636],[123.2959,-44.7423]]},"properties":{"id":746,"group":"searoutes","name":null}},{"type":"Feature","geometry":{"type":"LineString","coordinates":[[124.8327,-46.8205],[123.1773,-47.4955],[123.1636,-48.6682],[121.5273,-49.7864],[121.5355,-51.3968],[122.9045,-52.4455],[124.2627,-53.4982],[125.4545,-54.0273],[126.6423,-54.5618],[127.6773,-55.8136],[128.7041,-57.0627],[129.5864,-58.0364],[130.4645,-59.0141],[131.7,-60.5591],[132.9368,-62.1014],[134.3182,-64.2136],[134.55,-65.7259],[134.7,-67.5],[136.2314,-69.5414],[136.5286,-71.0755],[138.5591,-71.8773],[140.5977,-72.6914],[141.0123,-73.7577],[141.0273,-75.3273],[141.0327,-76.8859],[141.8045,-78.4091],[142.5736,-79.9295],[144,-82.5545],[145.4005,-82.9814],[146.8227,-82.0227],[147.5182,-79.6773],[146.7777,-78.2918],[148.1045,-77.1873],[148.9909,-75.45],[149.8827,-73.7209],[151.2818,-74.3727],[152.685,-75.015],[154.2818,-74.8636],[155.5636,-71.6727],[154.4455,-70.5355],[154.9868,-68.6945],[157.1482,-66.8427],[158.3455,-66.2182],[159.5373,-65.5964],[160.0377,-64.6145],[159.6682,-62.8364],[159.3055,-61.0568],[158.0782,-59.2514],[157.1727,-57.45],[156.2809,-55.6405],[156.8768,-54.4555],[156.4255,-53.2336]]},"properties":{"id":747,"group":"searoutes","name":null}},{"type":"Feature","geometry":{"type":"LineString","coordinates":[[129.7418,-41.6018],[128.6359,-41.9236]]},"properties":{"id":748,"group":"searoutes","name":null}},{"type":"Feature","geometry":{"type":"LineString","coordinates":[[130.9882,-32.6073],[130.4864,-34.0227],[129.9845,-35.4491],[128.5909,-35.9045],[127.0364,-37.7045],[126.8918,-39.0464],[127.7591,-40.4864],[127.2273,-41.55]]},"properties":{"id":749,"group":"searoutes","name":null}},{"type":"Feature","geometry":{"type":"LineString","coordinates":[[142.5055,-73.3295],[141.0123,-73.7577]]},"properties":{"id":750,"group":"searoutes","name":null}},{"type":"Feature","geometry":{"type":"LineString","coordinates":[[154.4455,-70.5355],[153.2864,-69.5455],[152.1286,-68.5555],[153.1364,-67.1182],[154.1414,-65.6823],[154.3691,-64.3773]]},"properties":{"id":751,"group":"searoutes","name":null}},{"type":"Feature","geometry":{"type":"LineString","coordinates":[[157.1482,-66.8427],[155.6455,-66.2591],[154.1414,-65.6823]]},"properties":{"id":752,"group":"searoutes","name":null}},{"type":"Feature","geometry":{"type":"LineString","coordinates":[[159.3055,-61.0568],[161.3864,-61.3773],[163.4577,-61.695],[164.9645,-61.3759],[166.2955,-60.9818],[167.6155,-60.5945],[169.5164,-60.6027],[170.0945,-59.9495],[170.6455,-57.8318],[169.6636,-55.7318],[170.0727,-54.7227],[168.9491,-53.7314],[170.4423,-51.7214],[169.5409,-50.6591],[168.6368,-49.6077],[167.7273,-47.5909],[166.8041,-45.5782],[164.5868,-45.2741],[164.2268,-46.2777]]},"properties":{"id":753,"group":"searoutes","name":null}},{"type":"Feature","geometry":{"type":"LineString","coordinates":[[166.8041,-45.5782],[168.4936,-44.2173],[169.3909,-42.5182],[170.2964,-40.8109],[169.3677,-39.4555],[169.8409,-37.6091],[170.3032,-35.7682],[172.3255,-35.2145],[172.3991,-33.5345],[173.3427,-31.9664],[171.6,-28.5136],[169.4877,-27.5523],[169.3023,-28.8627]]},"properties":{"id":754,"group":"searoutes","name":null}},{"type":"Feature","geometry":{"type":"LineString","coordinates":[[128.4886,32.3495],[128.91,31.3105]]},"properties":{"id":755,"group":"searoutes","name":null}},{"type":"Feature","geometry":{"type":"LineString","coordinates":[[127.3227,23.7545],[125.3673,22.8764],[123.5318,22.6227],[121.6895,22.3677],[120.6709,20.7218],[121.4318,19.2],[122.1805,17.6864]]},"properties":{"id":756,"group":"searoutes","name":null}},{"type":"Feature","geometry":{"type":"LineString","coordinates":[[118.7127,-16.5],[119.9045,-17.4545],[121.0882,-18.4064],[121.6418,-20.2664],[123.8932,-21.4336],[123.8591,-22.7318],[123.8114,-24.0177]]},"properties":{"id":757,"group":"searoutes","name":null}},{"type":"Feature","geometry":{"type":"LineString","coordinates":[[169.4877,-27.5523],[169.4605,-26.205],[170.6686,-24.2523],[170.8364,-22.0364],[170.9959,-19.8259],[169.2218,-18.7145],[169.2409,-17.2909],[169.2682,-15.8645],[170.2636,-14.0086],[170.4,-11.9864],[170.5473,-9.9586],[169.6023,-8.1573],[170.85,-6.5727],[170.6864,-3.9136],[169.2559,-2.8486],[169.3364,-1.5682],[169.4264,-0.2809],[169.9241,1.62],[170.5091,3.1227],[171.0818,4.6132],[172.2136,5.9591],[173.3536,7.3145],[173.4955,9.9136],[175.2995,10.9227],[174.8577,11.9714],[173.6141,14.1845],[172.8955,15.5182],[172.1877,16.8436],[170.1164,18.09],[169.3514,19.6445],[168.5727,20.8227],[167.7873,22.0118],[166.0091,22.0091],[164.2309,22.0173],[163.9432,20.3223],[163.1632,19.0486]]},"properties":{"id":758,"group":"searoutes","name":null}},{"type":"Feature","geometry":{"type":"LineString","coordinates":[[170.1164,18.09],[169.3555,16.9036]]},"properties":{"id":759,"group":"searoutes","name":null}},{"type":"Feature","geometry":{"type":"LineString","coordinates":[[165.1241,19.7264],[163.9432,20.3223]]},"properties":{"id":760,"group":"searoutes","name":null}},{"type":"Feature","geometry":{"type":"LineString","coordinates":[[169.3514,19.6445],[171.3136,20.3045],[173.2718,20.9645],[173.7545,22.7455],[174.2482,24.5305],[174.8959,26.9223],[174.1923,29.3264],[174.9818,30.9955],[174.1773,33.8455],[172.5832,35.0223],[170.8909,34.5955],[169.2055,34.1809],[168.6245,33.3682],[167.1327,33.3095]]},"properties":{"id":761,"group":"searoutes","name":null}},{"type":"Feature","geometry":{"type":"LineString","coordinates":[[-26.7286,1.9732],[-27.5618,3.5973],[-26.6045,4.0323]]},"properties":{"id":762,"group":"searoutes","name":null}},{"type":"Feature","geometry":{"type":"LineString","coordinates":[[-27.5618,3.5973],[-29.8091,3.6545],[-32.0591,3.7009],[-32.2909,5.3591],[-32.5118,7.005],[-33.0027,7.8777]]},"properties":{"id":763,"group":"searoutes","name":null}},{"type":"Feature","geometry":{"type":"LineString","coordinates":[[44.0591,-14.3373],[43.8764,-14.6441],[42.4773,-13.4045],[41.0768,-12.1623],[41.3945,-11.7055]]},"properties":{"id":764,"group":"searoutes","name":null}},{"type":"Feature","geometry":{"type":"LineString","coordinates":[[147.1309,-13.9855],[147.0409,-15.3395],[145.4455,-16.4741],[144.1827,-14.6318]]},"properties":{"id":765,"group":"searoutes","name":null}},{"type":"Feature","geometry":{"type":"LineString","coordinates":[[145.4455,-16.4741],[145.5518,-18.885],[146.85,-19.4455],[147.4091,-21.8727],[146.6809,-23.7395],[145.3773,-23.4955],[144.0695,-23.2595],[142.8559,-23.1245]]},"properties":{"id":766,"group":"searoutes","name":null}},{"type":"Feature","geometry":{"type":"LineString","coordinates":[[146.85,-19.4455],[148.1427,-20.0005],[149.8309,-20.1205],[150.5591,-21.3136],[151.2845,-22.4959],[151.8327,-24.8045],[153.7636,-24.3682],[155.6959,-23.9318],[155.0632,-22.5736]]},"properties":{"id":767,"group":"searoutes","name":null}},{"type":"Feature","geometry":{"type":"LineString","coordinates":[[160.5041,-33.8618],[159.6927,-32.4218],[158.8091,-30.7227],[157.9214,-29.0318],[158.3523,-27.9845]]},"properties":{"id":768,"group":"searoutes","name":null}},{"type":"Feature","geometry":{"type":"LineString","coordinates":[[92.0495,-42.5455],[92.9005,-43.9568],[92.7191,-46.3677],[92.5514,-47.4955]]},"properties":{"id":769,"group":"searoutes","name":null}}]}